ORIGIN;;DESTINATION;;TTE;;20' E;20' (< 8tn);20' (< 16,5tn);20' (< 22tn);20' (< 32tn);20' (> 32tn);25' E;25' (< 8tn);25' (< 16,5tn);25' (< 22tn);25' (< 32tn);25' (> 32tn);30' E;30' (< 8tn);30' (< 16,5tn);30' (< 22tn);30' (< 32tn);30' (> 32tn);40' E;40' (< 8tn);40' (< 16,5tn);40' (< 22tn);40' (< 32tn);40'(> 32tn);45' E;45' (< 8tn);45' (< 16,5tn);45' (< 22tn);45' (< 32tn);45' (> 32tn);BOOKING FEE;;;;
;;;;;;;;;;;;;;;;;;;;;;;;;;;;;;;;;;;;;;;;
RED MULTICLIENTE RENFE;;;;;;;;;;;;;;;;;;;;;;;;;;;;;;;;;;;;;;;;
;;;;;;;;;;;;;;;;;;;;;;;;;;;;;;;;;;;;;;;;
ORIGIN;INC;DESTINATION;INC;TTE;FREQUENCE;20' E;20' F;20' F;20' F;20' F (>20,5 tn);20' F (>30 tn);;;;;;;30' E;30' F;30' F;30' F;30' F;30' F (>30tn);40' E;40' F;40' F;40' F;40' F;40' F;45' E;45' F;45' F;45' F;45' F;45' F;0;;;;
A CORUÑA;FOT;BARCELONA MORROT;FOT;3;ON DEMAND;0;0;0;0;0;0;;;;;;;0;0;0;0;0;0;0;0;0;0;0;0;0;0;0;0;0;0;0;;;;
A CORUÑA;FOT;TARRAGONA CONSTANTÍ;FOT;3;ON DEMAND;0;0;0;0;0;0;;;;;;;0;0;0;0;0;0;0;0;0;0;0;0;0;0;0;0;0;0;0;;;;
A CORUÑA;FOT;ZARAGOZA PLAZA;FOT;3;ON DEMAND;0;0;0;0;0;0;;;;;;;0;0;0;0;0;0;0;0;0;0;0;0;0;0;0;0;0;0;0;;;;
BARCELONA MORROT;FOT;A CORUÑA;FOT;3;ON DEMAND;0;0;0;0;0;0;;;;;;;0;0;0;0;0;0;0;0;0;0;0;0;0;0;0;0;0;0;0;;;;
BARCELONA MORROT;FOT;BILBAO MERCANCÍAS;FOT;2;5;316,35;365,4;365,4;396,17;423,1;480,8;;;;;;;342,51;396,17;396,17;396,17;423,1;480,8;365,4;423,1;423,1;423,1;423,1;480,8;414,44;480,8;480,8;480,8;480,8;480,8;30;;;;
BARCELONA MORROT;FOT;BILBAO NOATUM;FOT;2;5;336,35;400,4;400,4;431,17;473,01;520,8;;;;;;;377,51;431,17;431,17;431,17;473,01;520,8;400,4;473,01;473,01;473,01;473,01;520,8;454,44;520,8;520,8;520,8;520,8;520,8;30;;;;
BARCELONA MORROT;FOT;MADRID ABROÑIGAL;FOT;2;5;297,25;342,93;342,93;371,59;396,66;450,4;;;;;;;321,61;371,59;371,59;371,59;396,66;450,4;342,93;396,66;396,66;396,66;396,66;450,4;388,6;450,4;450,4;450,4;450,4;450,4;30;;;;
BARCELONA MORROT;FOT;SAN ROQUE;FOT;3;3;526,5;612,63;612,63;666,68;713,97;815,3;;;;;;;572,44;666,68;666,68;666,68;713,97;815,3;612,63;713,97;713,97;713,97;713,97;815,3;698,76;815,3;815,3;815,3;815,3;815,3;30;;;;
BARCELONA MORROT;FOT;SEVILLA LA NEGRILLA;FOT;3;3;454,96;528,48;528,48;574,6;614,96;701,44;;;;;;;494,17;574,6;574,6;574,6;614,96;701,44;528,48;614,96;614,96;614,96;614,96;701,44;601,98;701,44;701,44;701,44;701,44;701,44;30;;;;
BARCELONA MORROT;FOT;VIGO GUIXAR;FOT;3;5;526,6;612,14;612,14;666,14;713,4;815,67;;;;;;;571,97;666,14;666,14;666,14;713,4;815,67;612,14;713,4;713,4;713,4;713,4;815,67;698,21;815,67;815,67;815,67;815,67;815,67;30;;;;
BARCELONA MORROT;FOT;ZARAGOZA PLAZA;FOT;2;4;183,02;208,54;208,54;224,55;238,56;268,58;;;;;;;196,63;224,55;224,55;224,55;238,56;268,58;212,44;238,56;238,56;238,56;238,56;268,58;234,05;268,58;268,58;268,58;268,58;268,58;30;;;;
BILBAO MERCANCÍAS;FOT;BARCELONA MORROT;FOT;2;5;363,43;420,79;420,79;456,78;488,27;555,75;;;;;;;394,02;456,78;456,78;456,78;488,27;555,75;420,79;488,27;488,27;488,27;488,27;555,75;478,14;555,75;555,75;555,75;555,75;555,75;30;;;;
BILBAO MERCANCÍAS;FOT;TARRAGONA CONSTANTÍ;FOT;2;3;330,38;382,46;382,46;415,14;443,74;505,01;;;;;;;358,16;415,14;415,14;415,14;443,74;505,01;382,46;443,74;443,74;443,74;443,74;505,01;434,51;505,01;505,01;505,01;505,01;505,01;30;;;;
BILBAO MERCANCÍAS;FOT;MADRID ABROÑIGAL;FOT;2;5;294,83;340,78;340,78;369,62;394,85;448,92;;;;;;;319,34;369,62;369,62;369,62;394,85;448,92;340,78;394,85;394,85;394,85;394,85;448,92;386,74;448,92;448,92;448,92;448,92;448,92;30;;;;
BILBAO MERCANCÍAS;FOT;MURCIA;FOT;4;2;0;0;0;0;0;0;;;;;;;0;0;0;0;0;0;0;0;0;0;0;0;0;0;0;0;0;0;30;;;;
BILBAO MERCANCÍAS;FOT;SAN ROQUE;FOT;4;2;623,74;730,23;730,23;797,04;855,51;980,79;;;;;;;680,53;797,04;797,04;797,04;855,51;980,79;730,23;855,51;855,51;855,51;855,51;980,79;836,71;980,79;980,79;980,79;980,79;980,79;30;;;;
BILBAO MERCANCÍAS;FOT;SEVILLA LA NEGRILLA;FOT;3;3;467,92;546,89;546,89;596,45;639,8;732,71;;;;;;;510,04;596,45;596,45;596,45;639,8;732,71;546,89;639,8;639,8;639,8;639,8;732,71;625,86;732,71;732,71;732,71;732,71;732,71;30;;;;
BILBAO MERCANCÍAS;FOT;VALENCIA SILLA;FOT;2;3;298,26;347,29;347,29;378,06;404,98;462,67;;;;;;;324,41;378,06;378,06;378,06;404,98;462,67;347,29;404,98;404,98;404,98;404,98;462,67;396,32;462,67;462,67;462,67;462,67;462,67;30;;;;
BILBAO MERCANCÍAS;FOT;ZARAGOZA PLAZA;FOT;2;2;217,97;252,69;252,69;274,47;293,53;334,38;;;;;;;236,49;274,47;274,47;274,47;293,53;334,38;252,69;293,53;293,53;293,53;293,53;334,38;287,4;334,38;334,38;334,38;334,38;334,38;30;;;;
BILBAO NOATUM;FOT;BARCELONA MORROT;FOT;3;5;365,33;437,69;437,69;473,68;503,17;572,65;;;;;;;410,92;473,68;473,68;473,68;503,17;572,65;435,69;503,17;503,17;503,17;503,17;572,65;495,04;572,65;572,65;572,65;572,65;572,65;30;;;;
BILBAO NOATUM;FOT;TARRAGONA CONSTANTÍ;FOT;3;3;336,28;403,36;403,36;436,04;464,64;530,91;;;;;;;379,03;436,04;436,04;436,04;464,64;530,91;403,36;464,64;464,64;464,64;464,64;530,91;460,41;530,91;530,91;530,91;530,91;530,91;30;;;;
BILBAO NOATUM;FOT;MADRID ABROÑIGAL;FOT;3;5;300,73;361,68;361,68;395,52;415,75;474,82;;;;;;;342,24;395,52;395,52;395,52;415,75;474,82;359,68;415,75;415,75;415,75;415,75;474,82;407,64;474,82;474,82;474,82;474,82;474,82;30;;;;
BILBAO NOATUM;FOT;MURCIA;FOT;4;2;0;0;0;0;0;0;;;;;;;0;0;0;0;0;0;0;0;0;0;0;0;0;0;0;0;0;0;30;;;;
BILBAO NOATUM;FOT;SAN ROQUE;FOT;4;2;638,74;765,23;765,23;832,04;890,51;1020,79;;;;;;;705,53;832,04;832,04;832,04;890,51;1020,79;763,23;890,51;890,51;890,51;890,51;1020,79;876,71;1020,79;1020,79;1020,79;1020,79;1020,79;30;;;;
BILBAO NOATUM;FOT;SEVILLA LA NEGRILLA;FOT;4;3;492,82;581,79;581,79;631,35;674,7;772,61;;;;;;;538,94;631,35;631,35;631,35;674,7;772,61;579,79;674,7;674,7;674,7;674,7;772,61;665,76;772,61;772,61;772,61;772,61;772,61;30;;;;
BILBAO NOATUM;FOT;VALENCIA SILLA;FOT;3;3;323,16;382,19;382,19;412,96;439,88;502,57;;;;;;;357,31;412,96;412,96;412,96;439,88;502,57;380,19;439,88;439,88;439,88;439,88;502,57;431,22;502,57;502,57;502,57;502,57;502,57;30;;;;
BILBAO NOATUM;FOT;ZARAGOZA PLAZA;FOT;3;2;252,87;287,59;287,59;309,37;328,43;374,28;;;;;;;271,39;309,37;309,37;309,37;328,43;374,28;287,59;328,43;328,43;328,43;328,43;374,28;327,3;374,28;374,28;374,28;374,28;374,28;30;;;;
TARRAGONA CONSTANTÍ;FOT;A CORUÑA;FOT;3;ON DEMAND;0;0;0;0;0;0;;;;;;;0;0;0;0;0;0;0;0;0;0;0;0;0;0;0;0;0;0;30;;;;
TARRAGONA CONSTANTÍ;FOT;BILBAO MERCANCÍAS;FOT;2;3;258,19;300,02;300,02;326,26;349,23;398,45;;;;;;;280,5;326,26;326,26;326,26;349,23;398,45;300,02;349,23;349,23;349,23;349,23;398,45;341,84;398,45;398,45;398,45;398,45;398,45;30;;;;
TARRAGONA CONSTANTÍ;FOT;BILBAO NOATUM;FOT;2;3;278,19;335,02;335,02;361,26;384,23;438,45;;;;;;;315,5;361,26;361,26;361,26;384,23;438,45;335,02;384,23;384,23;384,23;384,23;438,45;381,84;438,45;438,45;438,45;438,45;438,45;30;;;;
TARRAGONA CONSTANTÍ;FOT;MADRID ABROÑIGAL;FOT;2;3;235,02;272,91;272,91;296,68;317,49;362,06;;;;;;;255,23;296,68;296,68;296,68;317,49;362,06;272,91;317,49;317,49;317,49;317,49;362,06;310,8;362,06;362,06;362,06;362,06;362,06;30;;;;
TARRAGONA CONSTANTÍ;FOT;MURCIA;FOT;3;2;0;0;0;0;0;0;;;;;;;0;0;0;0;0;0;0;0;0;0;0;0;0;0;0;0;0;0;30;;;;
TARRAGONA CONSTANTÍ;FOT;SAN ROQUE;FOT;3;3;497,25;581,42;581,42;634,23;680,44;779,46;;;;;;;542,14;634,23;634,23;634,23;680,44;779,46;581,42;680,44;680,44;680,44;680,44;779,46;665,58;779,46;779,46;779,46;779,46;779,46;30;;;;
TARRAGONA CONSTANTÍ;FOT;SEVILLA LA NEGRILLA;FOT;3;3;441;515,23;515,23;561,82;602,58;689,92;;;;;;;480,59;561,82;561,82;561,82;602,58;689,92;515,23;602,58;602,58;602,58;602,58;689,92;589,47;689,92;689,92;689,92;689,92;689,92;30;;;;
TARRAGONA CONSTANTÍ;FOT;VIGO GUIXAR;FOT;3;3;472,63;552,46;552,46;602,54;646,37;740,27;;;;;;;515,21;602,54;602,54;602,54;646,37;740,27;552,46;646,37;646,37;646,37;646,37;740,27;632,27;740,27;740,27;740,27;740,27;740,27;30;;;;
MADRID ABROÑIGAL;FOT;BARCELONA MORROT;FOT;2;5;220,39;254,99;254,99;276,71;295,7;336,41;;;;;;;238,85;276,71;276,71;276,71;295,7;336,41;254,99;295,7;295,7;295,7;295,7;336,41;289,6;336,41;336,41;336,41;336,41;336,41;30;;;;
MADRID ABROÑIGAL;FOT;BILBAO MERCANCÍAS;FOT;2;5;218,38;253,34;253,34;275,27;294,46;335,58;;;;;;;237,02;275,27;275,27;275,27;294,46;335,58;247,34;294,46;294,46;294,46;294,46;335,58;288,29;335,58;335,58;335,58;335,58;335,58;30;;;;
MADRID ABROÑIGAL;FOT;BILBAO NOATUM;FOT;2;5;243,38;288,34;288,34;315,27;334,46;375,58;;;;;;;274,02;315,27;315,27;315,27;334,46;375,58;293,34;334,46;334,46;334,46;334,46;375,58;328,29;375,58;375,58;375,58;375,58;375,58;30;;;;
MADRID ABROÑIGAL;FOT;TARRAGONA CONSTANTÍ;FOT;2;3;204,86;237,42;237,42;257,86;275,74;314,06;;;;;;;222,23;257,86;257,86;257,86;275,74;314,06;237,42;275,74;275,74;275,74;275,74;314,06;269,99;314,06;314,06;314,06;314,06;314,06;30;;;;
MADRID ABROÑIGAL;FOT;MURCIA;FOT;2;2;164;166,56;166,56;180,32;194,34;208,18;;;;;;;164;180,32;180,32;180,32;194,34;208,18;194,34;194,34;194,34;194,34;194,34;208,18;213,74;208,18;208,18;208,18;208,18;208,18;30;;;;
MADRID ABROÑIGAL;FOT;SAN ROQUE;FOT;2;3;291,24;339,39;339,39;369,6;396,04;452,68;;;;;;;316,92;369,6;369,6;369,6;396,04;452,68;339,39;396,04;396,04;396,04;396,04;452,68;387,54;452,68;452,68;452,68;452,68;452,68;30;;;;
MADRID ABROÑIGAL;FOT;SEVILLA LA NEGRILLA;FOT;2;3;242,86;282,14;282,14;306,78;328,34;374,55;;;;;;;263,81;306,78;306,78;306,78;328,34;374,55;282,14;328,34;328,34;328,34;328,34;374,55;331,41;374,55;374,55;374,55;374,55;374,55;30;;;;
MADRID ABROÑIGAL;FOT;VALENCIA SILLA;FOT;2;3;201,01;232,9;232,9;252,91;270,41;307,93;;;;;;;218,02;252,91;252,91;252,91;270,41;307,93;232,9;270,41;270,41;270,41;270,41;307,93;264,78;307,93;307,93;307,93;307,93;307,93;30;;;;
MADRID ABROÑIGAL;FOT;VIGO GUIXAR;FOT;4;3;0;0;0;0;0;0;;;;;;;0;0;0;0;0;0;0;0;0;0;0;0;0;0;0;0;0;0;30;;;;
MADRID ABROÑIGAL;FOT;ZARAGOZA PLAZA;FOT;2;5;164;180,24;180,24;195,33;208,5;236,73;;;;;;;169,07;195,33;195,33;195,33;208,5;236,73;194,34;208,5;208,5;208,5;208,5;236,73;213,74;236,73;236,73;236,73;236,73;236,73;30;;;;
MURCIA;FOT;BILBAO MERCANCÍAS;FOT;3;2;0;0;0;0;0;0;;;;;;;0;0;0;0;0;0;0;0;0;0;0;0;0;0;0;0;0;0;30;;;;
MURCIA;FOT;BILBAO NOATUM;FOT;3;2;0;0;0;0;0;0;;;;;;;0;0;0;0;0;0;0;0;0;0;0;0;0;0;0;0;0;0;30;;;;
MURCIA;FOT;MADRID ABROÑIGAL;FOT;3;2;181,64;210,09;210,09;227,95;243,57;277,04;;;;;;;196,82;227,95;227,95;227,95;243,57;277,04;210,09;243,57;243,57;243,57;243,57;277,04;238,55;277,04;277,04;277,04;277,04;277,04;30;;;;
MURCIA;FOT;TARRAGONA CONSTANTÍ;FOT;3;2;0;0;0;0;0;0;;;;;;;0;0;0;0;0;0;0;0;0;0;0;0;0;0;0;0;0;0;30;;;;
SAN ROQUE;FOT;BARCELONA MORROT;FOT;3;3;455,17;531,18;531,18;578,88;620,61;710,05;;;;;;;495,71;578,88;578,88;578,88;620,61;710,05;531,18;620,61;620,61;620,61;620,61;710,05;607,19;710,05;710,05;710,05;710,05;710,05;30;;;;
SAN ROQUE;FOT;BILBAO MERCANCÍAS;FOT;3;2;433,71;506,66;506,66;552,44;592,49;678,32;;;;;;;472,62;552,44;552,44;552,44;592,49;678,32;506,66;592,49;592,49;592,49;592,49;678,32;579,61;678,32;678,32;678,32;678,32;678,32;30;;;;
SAN ROQUE;FOT;BILBAO NOATUM;FOT;3;2;448,71;541,66;541,66;587,44;627,49;7048,32;;;;;;;497,62;587,44;587,44;587,44;627,49;7048,32;539,66;627,49;627,49;627,49;627,49;7048,32;619,61;7048,32;7048,32;7048,32;7048,32;7048,32;30;;;;
SAN ROQUE;FOT;TARRAGONA CONSTANTÍ;FOT;3;3;441,33;515,61;515,61;562,22;603;690,39;;;;;;;480,95;562,22;562,22;562,22;603;690,39;515,61;603;603;603;603;690,39;589,89;690,39;690,39;690,39;690,39;690,39;30;;;;
SAN ROQUE;FOT;MADRID ABROÑIGAL;FOT;2;5;261,88;304,83;304,83;331,78;355,36;405,9;;;;;;;284,79;331,78;331,78;331,78;355,36;405,9;304,83;355,36;355,36;355,36;355,36;405,9;347,78;405,9;405,9;405,9;405,9;405,9;30;;;;
SAN ROQUE;FOT;VALENCIA SILLA;FOT;3;2;0;0;0;0;0;0;;;;;;;0;0;0;0;0;0;0;0;0;0;0;0;0;0;0;0;0;0;30;;;;
SAN ROQUE;FOT;ZARAGOZA PLAZA;FOT;3;2;0;0;0;0;0;0;;;;;;;0;0;0;0;0;0;0;0;0;0;0;0;0;0;0;0;0;0;30;;;;
SEVILLA LA NEGRILLA;FOT;BARCELONA MORROT;FOT;3;3;365,15;425,28;425,28;463,01;496,02;566,76;;;;;;;397,22;463,01;463,01;463,01;496,02;566,76;425,28;496,02;496,02;496,02;496,02;566,76;485,4;566,76;566,76;566,76;566,76;566,76;30;;;;
SEVILLA LA NEGRILLA;FOT;BILBAO MERCANCÍAS;FOT;3;3;319,34;372,09;372,09;405,19;434,16;496,22;;;;;;;347,48;405,19;405,19;405,19;434,16;496,22;372,09;434,16;434,16;434,16;434,16;496,22;424,84;496,22;496,22;496,22;496,22;496,22;30;;;;
SEVILLA LA NEGRILLA;FOT;BILBAO NOATUM;FOT;3;3;344,24;406,99;406,99;440,09;474,06;541,12;;;;;;;380,38;440,09;440,09;440,09;474,06;541,12;411,99;474,06;474,06;474,06;474,06;541,12;469,74;541,12;541,12;541,12;541,12;541,12;30;;;;
SEVILLA LA NEGRILLA;FOT;MADRID ABROÑIGAL;FOT;2;3;222,38;258,03;258,03;280,39;299,96;341,89;;;;;;;241,39;280,39;280,39;280,39;299,96;341,89;258,03;299,96;299,96;299,96;299,96;341,89;293,67;341,89;341,89;341,89;341,89;341,89;30;;;;
SEVILLA LA NEGRILLA;FOT;VALENCIA SILLA;FOT;2;3;0;0;0;0;0;0;;;;;;;0;0;0;0;0;0;0;0;0;0;0;0;0;0;0;0;0;0;30;;;;
SEVILLA LA NEGRILLA;FOT;TARRAGONA CONSTANTÍ;FOT;3;3;355,53;414,69;414,69;451,81;484,29;553,89;;;;;;;387,08;451,81;451,81;451,81;484,29;553,89;414,69;484,29;484,29;484,29;484,29;553,89;473,84;553,89;553,89;553,89;553,89;553,89;30;;;;
SEVILLA LA NEGRILLA;FOT;VIGO GUIXAR;FOT;5;3;0;0;0;0;0;0;;;;;;;0;0;0;0;0;0;0;0;0;0;0;0;0;0;0;0;0;0;30;;;;
SEVILLA LA NEGRILLA;FOT;ZARAGOZA PLAZA;FOT;3;3;0;0;0;0;0;0;;;;;;;0;0;0;0;0;0;0;0;0;0;0;0;0;0;0;0;0;0;30;;;;
VALENCIA SILLA;FOT;BILBAO MERCANCÍAS;FOT;3;3;270,94;315,15;315,15;342,89;367,16;419,18;;;;;;;294,52;342,89;342,89;342,89;367,16;419,18;315,15;367,16;367,16;367,16;367,16;419,18;359,35;419,18;419,18;419,18;419,18;419,18;30;;;;
VALENCIA SILLA;FOT;BILBAO NOATUM;FOT;3;3;295,84;350,05;350,05;377,79;402,06;459,08;;;;;;;327,42;377,79;377,79;377,79;402,06;459,08;348,05;402,06;402,06;402,06;402,06;459,08;394,26;459,08;459,08;459,08;459,08;459,08;30;;;;
VALENCIA SILLA;FOT;MADRID ABROÑIGAL;FOT;3;3;201,11;233;233;253,01;270,51;308,03;;;;;;;218,12;253,01;253,01;253,01;270,51;308,03;233;270,51;270,51;270,51;270,51;308,03;264,88;308,03;308,03;308,03;308,03;308,03;30;;;;
VALENCIA SILLA;FOT;SAN ROQUE;FOT;3;2;0;0;0;0;0;0;;;;;;;0;0;0;0;0;0;0;0;0;0;0;0;0;0;0;0;0;0;30;;;;
VALENCIA SILLA;FOT;SEVILLA LA NEGRILLA;FOT;3;3;0;0;0;0;0;0;;;;;;;0;0;0;0;0;0;0;0;0;0;0;0;0;0;0;0;0;0;30;;;;
VALENCIA SILLA;FOT;VIGO GUIXAR;FOT;5;3;0;0;0;0;0;0;;;;;;;0;0;0;0;0;0;0;0;0;0;0;0;0;0;0;0;0;0;30;;;;
VIGO GUIXAR;FOT;BARCELONA MORROT;FOT;3;3;412,98;481,56;481,56;524,6;562,26;642,95;;;;;;;449,56;524,6;524,6;524,6;562,26;642,95;487,56;562,26;562,26;562,26;562,26;642,95;550,15;642,95;642,95;642,95;642,95;642,95;30;;;;
VIGO GUIXAR;FOT;TARRAGONA CONSTANTÍ;FOT;3;3;384,74;448,35;448,35;488,26;523,18;598,01;;;;;;;418,67;488,26;488,26;488,26;523,18;598,01;448,35;523,18;523,18;523,18;523,18;598,01;511,95;598,01;598,01;598,01;598,01;598,01;30;;;;
VIGO GUIXAR;FOT;MADRID ABROÑIGAL;FOT;4;3;0;0;0;0;0;0;;;;;;;0;0;0;0;0;0;0;0;0;0;0;0;0;0;0;0;0;0;30;;;;
VIGO GUIXAR;FOT;SEVILLA LA NEGRILLA;FOT;5;3;0;0;0;0;0;0;;;;;;;0;0;0;0;0;0;0;0;0;0;0;0;0;0;0;0;0;0;30;;;;
VIGO GUIXAR;FOT;VALENCIA SILLA;FOT;4;3;0;0;0;0;0;0;;;;;;;0;0;0;0;0;0;0;0;0;0;0;0;0;0;0;0;0;0;30;;;;
VIGO GUIXAR;FOT;ZARAGOZA PLAZA;FOT;2;3;291,8;339,71;339,71;369,77;396,07;451,44;;;;;;;317,35;369,77;369,77;369,77;396,07;451,44;339,71;396,07;396,07;396,07;396,07;451,44;387,62;451,44;451,44;451,44;451,44;451,44;30;;;;
ZARAGOZA PLAZA;FOT;A CORUÑA;FOT;3;ON DEMAND;0;0;0;0;0;0;;;;;;;0;0;0;0;0;0;0;0;0;0;0;0;0;0;0;0;0;0;30;;;;
ZARAGOZA PLAZA;FOT;BARCELONA MORROT;FOT;2;3;168,92;194,44;194,44;210,45;224,46;254,48;;;;;;;182,53;210,45;210,45;210,45;224,46;254,48;198,34;224,46;224,46;224,46;224,46;254,48;219,95;254,48;254,48;254,48;254,48;254,48;30;;;;
ZARAGOZA PLAZA;FOT;BILBAO MERCANCÍAS;FOT;2;3;179,27;207,17;207,17;224,68;240;272,83;;;;;;;194,15;224,68;224,68;224,68;240;272,83;207,17;240;240;240;240;272,83;235,07;272,83;272,83;272,83;272,83;272,83;30;;;;
ZARAGOZA PLAZA;FOT;BILBAO NOATUM;FOT;2;3;214,27;242,17;242,17;259,68;275;312,83;;;;;;;229,15;259,68;259,68;259,68;275;312,83;242,17;275;275;275;275;312,83;275,07;312,83;312,83;312,83;312,83;312,83;30;;;;
ZARAGOZA PLAZA;FOT;MADRID ABROÑIGAL;FOT;2;7;179,09;207,11;207,11;224,69;240,07;269,03;;;;;;;194,03;224,69;224,69;224,69;240,07;269,03;207,11;240,07;240,07;240,07;240,07;269,03;235,12;269,03;269,03;269,03;269,03;269,03;30;;;;
ZARAGOZA PLAZA;FOT;SAN ROQUE;FOT;3;2;0;0;0;0;0;0;;;;;;;0;0;0;0;0;0;0;0;0;0;0;0;0;0;0;0;0;0;30;;;;
ZARAGOZA PLAZA;FOT;SEVILLA LA NEGRILLA;FOT;3;3;0;0;0;0;0;0;;;;;;;0;0;0;0;0;0;0;0;0;0;0;0;0;0;0;0;0;0;30;;;;
ZARAGOZA PLAZA;FOT;VIGO GUIXAR;FOT;2;3;261,01;421,14;421,14;458,86;491,87;562,61;;;;;;;393,08;458,86;458,86;458,86;491,87;562,61;421,14;491,87;491,87;491,87;491,87;562,61;481,26;562,61;562,61;562,61;562,61;562,61;30;;;;
;;;;;;;;;;;;;;;;;;;;;;;;;;;;;;;;;;;;;;;;
;;;;;;;;;;;;;;;;;;;;;;;;;;;;;;;;;;;;;;;;
CFL;;;;;;;;;;;;;;;;;;;;;;;;;;;;;;;;;;;;;;;;
;;;;;;;;;;;;;;;;;;;;;;;;;;;;;;;;;;;;;;;;
ORIGIN;INC;DESTINATION;INC;TTE;FREQUENCE;20' E;20' F;20' F;20' F;20' F;20' F;25' E;25' F;25' F;25' F;25' F;25' F;30' E;30' F;30' F;30' F;30' F;30' F;40' E;40' F;40' F;40' F;40' F;40' F;45' E;45' F;45' F;45' F;45' F;45' F;;;;;
BETTEMBOURG;FOT;LE BOLOU AMBROGGIO;FOT;2;5;510;510;510;510;510;510;510;510;510;510;510;510;510;510;510;510;510;510;665;665;665;665;665;665;665;665;665;665;665;665;;;;;
LE BOLOU AMBROGGIO;FOT;BETTEMBOURG;FOT;2;5;510;510;510;510;510;510;510;510;510;510;510;510;510;510;510;510;510;510;665;665;665;665;665;665;665;665;665;665;665;665;;;;;
ANTWERPEN COMBINANT;FOT;LE BOLOU AMBROGGIO;FOT;2;5;710;710;710;710;710;710;710;710;710;710;710;710;710;710;710;710;710;710;890;890;890;890;890;890;890;890;890;890;890;890;;;;;
LE BOLOU AMBROGGIO;FOT;ANTWERPEN COMBINANT;FOT;2;5;710;710;710;710;710;710;710;710;710;710;710;710;710;710;710;710;710;710;890;890;890;890;890;890;890;890;890;890;890;890;;;;;
BETTEMBOURG;FOT;ANTWERPEN COMBINANT;FOT;2;5;210;210;210;210;210;210;265;265;265;265;265;265;265;265;265;265;265;265;325;325;325;325;325;325;365;365;365;365;365;365;;;;;
ANTWERPEN COMBINANT;FOT;BETTEMBOURG;FOT;2;5;210;210;210;210;210;210;265;265;265;265;265;265;265;265;265;265;265;265;325;325;325;325;325;325;365;365;365;365;365;365;;;;;
ANTWERPEN COMBINANT;FOT;LYON PEH;FOT;2;6;395;395;395;395;395;395;485;485;485;485;485;485;485;485;485;485;485;485;585;585;585;585;585;585;665;665;665;665;665;665;;;;;
LYON PEH;FOT;ANTWERPEN COMBINANT;FOT;2;6;395;395;395;395;395;395;485;485;485;485;485;485;485;485;485;485;485;485;585;585;585;585;585;585;665;665;665;665;665;665;;;;;
BETTEMBOURG;FOT;LYON PEH;FOT;2;6;255;255;255;255;255;255;335;335;335;335;335;335;335;335;335;335;335;335;395;395;395;395;395;395;425;425;425;425;425;425;;;;;
LYON PEH;FOT;BETTEMBOURG;FOT;2;6;255;255;255;255;255;255;335;335;335;335;335;335;335;335;335;335;335;335;395;395;395;395;395;395;425;425;425;425;425;425;;;;;
;;;;;;;;;;;;;;;;;;;;;;;;;;;;;;;;;;;;;;;;
;;;;;;;;;;;;;;;;;;;;;;;;;;;;;;;;;;;;;;;;
MULTIRAIL;;;;;;;;;;;;;;;;;;;;;;;;;;;;;;;;;;;;;;;;
;;;;;;;;;;;;;;;;;;;;;;;;;;;;;;;;;;;;;;;;
ORIGIN;INC;DESTINATION;INC;TTE;FREQUENCE;20' E;20' F (<21 tn);20' F (<21 tn);20' F (<21 tn);20' F (21 a 32 tn);;;;;;;;30' E;30' F;30' F;30' F;30' F;30' F;40' E;40' F;40' F;40' F;40' F;40' F;45' E;45' F;45' F;45' F;45' F;45' F;;;;;
BARCELONA MORROT;FOT;CÓRDOBA EL HIGUERÓN;FOT;2;3;288;432;432;432;480;;;;;;;;336;480;480;480;480;480;370;528;528;528;528;528;480;600;600;600;600;600;30;;;;
BARCELONA MORROT;FOT;SAN ROQUE;FOT;3;3;398;596,7;596,7;596,7;663;;;;;;;;464;663;663;663;663;663;511;729;729;729;729;729;663;829;829;829;829;829;30;;;;
BARCELONA MORROT;FOT;SEVILLA LA NEGRILLA;FOT;2;3;330;495;495;495;550;;;;;;;;385;550;550;550;550;550;424;605;605;605;605;605;550;688;688;688;688;688;30;;;;
TARRAGONA ENTREVÍAS;FOT;CÓRDOBA EL HIGUERÓN;FOT;2;ON DEMAND;270;405;405;405;450;;;;;;;;315;450;450;450;450;450;347;495;495;495;495;495;450;563;563;563;563;563;30;;;;
TARRAGONA ENTREVÍAS;FOT;SAN ROQUE;FOT;3;3;378;567;567;567;630;;;;;;;;441;630;630;630;630;630;485;693;693;693;693;693;630;788;788;788;788;788;30;;;;
TARRAGONA ENTREVÍAS;FOT;SEVILLA LA NEGRILLA;FOT;2;ON DEMAND;306;459;459;459;510;;;;;;;;357;510;510;510;510;510;393;561;561;561;561;561;510;638;638;638;638;638;30;;;;
SAN ROQUE;FOT;BARCELONA MORROT;FOT;3;3;347;520,2;520,2;520,2;578;;;;;;;;405;578;578;578;578;578;445;636;636;636;636;636;578;723;723;723;723;723;30;;;;
SAN ROQUE;FOT;TARRAGONA ENTREVÍAS;FOT;3;3;334;501,3;501,3;501,3;557;;;;;;;;390;557;557;557;557;557;429;613;613;613;613;613;557;696;696;696;696;696;30;;;;
CÓRDOBA EL HIGUERÓN;FOT;BARCELONA MORROT;FOT;2;3;288;432;432;432;480;;;;;;;;336;480;480;480;480;480;370;528;528;528;528;528;480;600;600;600;600;600;30;;;;
CÓRDOBA EL HIGUERÓN;FOT;TARRAGONA ENTREVÍAS;FOT;1;ON DEMAND;270;405;405;405;450;;;;;;;;315;450;450;450;450;450;347;495;495;495;495;495;450;563;563;563;563;563;30;;;;
SEVILLA LA NEGRILLA;FOT;BARCELONA MORROT;FOT;4;3;300;450;450;450;500;;;;;;;;350;500;500;500;500;500;385;550;550;550;550;550;500;625;625;625;625;625;30;;;;
SEVILLA LA NEGRILLA;FOT;TARRAGONA ENTREVÍAS;FOT;3;ON DEMAND;276;414;414;414;460;;;;;;;;322;460;460;460;460;460;354;506;506;506;506;506;460;575;575;575;575;575;30;;;;
;;;;;;;;;;;;;;;;;;;;;;;;;;;;;;;;;;;;;;;;
;;;;;;;;;;;;;;;;;;;;;;;;;;;;;;;;;;;;;;;;
NOVATRANS;;;;;;;;;;;;;;;;;;;;;;;;;;;;;;;;;;;;;;;;
;;;;;;;;;;;;;;;;;;;;;;;;;;;;;;;;;;;;;;;;
ORIGIN;INC;DESTINATION;INC;TTE;FREQUENCE;20' (0 a 7,99 tn);20' (0 a 7,99 tn);20' (8 a 21,99 tn);20' (8 a 21,99 tn);20' (22 a 33,49 tn);20' (<33,49 tn);25' (0 a 7,99 tn);25' (0 a 7,99 tn);25' (8 a 21,99 tn);25' (8 a 21,99 tn);25' (22 a 33,49 tn);25' (<33,49 tn);30' (0 a 7,99 tn);30' (0 a 7,99 tn);30' (8 a 21,99 tn);30' (8 a 21,99 tn);30' (22 a 33,49 tn);30' (<33,49 tn);40' (0 a 7,99 tn);40' (0 a 7,99 tn);40' (8 a 21,99 tn);40' (8 a 21,99 tn);40' (22 a 33,49 tn);40' (<33,49 tn);45' (0 a 7,99 tn);45' (8 a 21,99 tn);45' (8 a 21,99 tn);45' (22 a 33,49 tn);45' (22 a 33,49 tn);45' (<33,49 tn);;;;;
PERPIGNAN;FOT;DOURGES LDCT;FOT;2;7;450;450;560;560;560;560;450;450;600;600;600;600;495;495;710;710;710;740;495;495;710;710;710;740;710;710;710;710;710;740;;;;;
PERPIGNAN;FOT;PARIS VALENTON;FOT;2;5;457;457;558;558;558;558;457;457;558;558;558;558;477;477;670;670;670;700;477;477;670;670;670;700;670;670;670;670;670;700;;;;;
PERPIGNAN;FOT;TOULOUSE FENOUILLET;FOT;2;5;157;157;157;157;157;157;157;157;157;157;157;157;157;157;157;157;157;157;157;157;157;157;157;157;157;157;157;157;157;157;;;;;
LYON VÉNISSIEUX;FOT;DOURGES LDCT;FOT;2;5;386;386;487;487;487;487;386;386;487;487;487;487;396;396;518;518;518;518;396;396;518;518;518;518;518;518;518;518;518;518;;;;;
BAYONNE MOUGUERRE;FOT;DOURGES LDCT;FOT;2;4;416;416;700;700;700;700;416;416;700;700;700;700;416;416;700;700;700;700;416;416;700;700;700;700;700;700;700;700;700;700;;;;;
DOURGES LDCT;FOT;PERPIGNAN;FOT;2;7;450;450;560;560;560;560;450;450;600;600;600;600;495;495;710;710;710;740;495;495;710;710;710;740;710;710;710;710;710;740;;;;;
PARIS VALENTON;FOT;PERPIGNAN;FOT;2;5;457;457;558;558;558;558;457;457;558;558;558;558;477;477;670;670;670;700;477;477;670;670;670;700;670;670;670;670;670;700;;;;;
TOULOUSE FENOUILLET;FOT;PERPIGNAN;FOT;2;5;157;157;157;157;157;157;157;157;157;157;157;157;157;157;157;157;157;157;157;157;157;157;157;157;157;157;157;157;157;157;;;;;
DOURGES LDCT;FOT;LYON VÉNISSIEUX;FOT;2;5;386;386;487;487;487;487;386;386;487;487;487;487;396;396;518;518;518;518;396;396;518;518;518;518;518;518;518;518;518;518;;;;;
DOURGES LDCT;FOT;BAYONNE MOUGUERRE;FOT;2;4;416;416;700;700;700;700;416;416;700;700;700;700;416;416;700;700;700;700;416;416;700;700;700;700;700;700;700;700;700;700;;;;;
BAYONNE MOUGUERRE;FOT;PARIS VALENTON;FOT;2;5;390;390;490;490;490;490;;;;;;;390;390;490;490;490;490;480;480;550;550;550;550;480;480;550;550;550;550;;;;;
PARIS VALENTON;FOT;BAYONNE MOUGUERRE;FOT;2;5;390;390;490;490;490;490;;;;;;;390;390;490;490;490;490;480;480;550;550;550;550;480;480;550;550;550;550;;;;;
;;;;;;;;;;;;;;;;;;;;;;;;;;;;;;;;;;;;;;;;
;;;;;;;;;;;;;;;;;;;;;;;;;;;;;;;;;;;;;;;;
RAILLINER;;;;;;;;;;;;;;;;;;;;;;;;;;;;;;;;;;;;;;;;
;;;;;;;;;;;;;;;;;;;;;;;;;;;;;;;;;;;;;;;;
ORIGIN;INC;DESTINATION;INC;TTE;FREQUENCE;20' E;20' F;20' F;20' F;20' F;20' F;;;;;;;30' E;30' F;30' F;30' F;30' F;30' F;40' E;40' F;40' F;40' F;40' F;40' F;45' E;45' F;45' F;45' F;45' F;45' F;;;;;
PERPIGNAN;FOT;FOS AMATO;FOT;2;3;146;146;146;146;146;146;;;;;;;180;180;180;180;180;180;213;213;213;213;213;213;243;243;243;243;243;243;;;;;
PERPIGNAN;FOT;MARSEILLE CANET;FOT;2;3;229;229;229;229;229;229;;;;;;;255;255;255;255;255;255;377;377;377;377;377;377;407;407;407;407;407;407;;;;;
FOS AMATO;FOT;PERPIGNAN;FOT;2;3;146;146;146;146;146;146;;;;;;;180;180;180;180;180;180;213;213;213;213;213;213;243;243;243;243;243;243;;;;;
MARSEILLE CANET;FOT;PERPIGNAN;FOT;2;3;229;229;229;229;229;229;;;;;;;255;255;255;255;255;255;377;377;377;377;377;377;407;407;407;407;407;407;;;;;
;;;;;;;;;;;;;;;;;;;;;;;;;;;;;;;;;;;;;;;;
;;;;;;;;;;;;;;;;;;;;;;;;;;;;;;;;;;;;;;;;
VIIA;;;;;;;;;;;;;;;;;;;;;;;;;;;;;;;;;;;;;;;;
;;;;;;;;;;;;;;;;;;;;;;;;;;;;;;;;;;;;;;;;
ORIGIN;INC;DESTINATION;INC;TTE;FREQUENCE;20' E;20' F;20' F;20' F;20' F;20' F;;;;;;;30' E;30' F;30' F;30' F;30' F;30' F;40' E;40' F;40' F;40' F;40' F;40' F;45' E;45' F;45' F;45' F;45' F;45' F;;;;;
LE BOLOU AMBROGGIO;FOR;ANTWERPEN COMBINANT;FOR;3;5;592;792;792;792;792;792;;;;;;;727;820;820;820;820;820;857;909;909;909;909;909;857;909;909;909;909;909;;;;;
LE BOLOU AMBROGGIO;FOR;BETTEMBOURG;FOR;2;11;395;522;522;522;522;522;;;;;;;420;543;543;543;543;543;550;672;672;672;672;672;550;672;672;672;672;672;;;;;
ANTWERPEN COMBINANT;FOR;LE BOLOU AMBROGGIO;FOR;3;5;592;792;792;792;792;792;;;;;;;727;820;820;820;820;820;857;909;909;909;909;909;857;909;909;909;909;909;;;;;
BETTEMBOURG;FOR;LE BOLOU AMBROGGIO;FOR;2;9;395;522;522;522;522;522;;;;;;;420;543;543;543;543;543;550;672;672;672;672;672;550;672;672;672;672;672;;;;;
;;;;;;;;;;;;;;;;;;;;;;;;;;;;;;;;;;;;;;;;
;;;;;;;;;;;;;;;;;;;;;;;;;;;;;;;;;;;;;;;;
KOMBIVERKEHR;;;;;;;;;;;;;;;;;;;;;;;;;;;;;;;;;;;;;;;;
;;;;;;;;;;;;;;;;;;;;;;;;;;;;;;;;;;;;;;;;
ORIGIN;INC;DESTINATION;INC;TTE;FREQUENCE;20' F (< 8tn);20' F (< 8tn);20' F (< 16,5tn);20' F (< 22tn);20' F (< 32tn);20' F (> 32tn);;;;;;;30' F (< 8tn);30' F (< 8tn);30' F (< 16,5tn);30' F (< 22tn);30' F (< 32tn);30' F (> 32tn);40' F (< 8tn);40' F (< 8tn);40' F (< 16,5tn);40' F (< 22tn);40' F (< 32tn);40' F (> 32tn);45' F (< 8tn);45' F (< 8tn);45' F (< 16,5tn);45' F (< 22tn);45' F (< 32tn);45' F (> 32tn);;;;;
ANTWERPEN COMBINANT;FOT;DUISBURG RUHRORT HAFEN;FOT;2;3;161;161;178;210;242;295;;;;;;;189;189;199;242;242;295;250;250;250;255;263;306;263;263;274;295;295;338;;;;;
ANTWERPEN COMBINANT;FOT;HAMBURG BILLWERDER;FOT;3;3;324;324;341;470;502;555;;;;;;;434;434;444;554;554;607;575;575;575;580;588;631;588;588;599;620;620;663;;;;;
ANTWERPEN COMBINANT;FOT;LUDWIGSHAFEN;FOT;3;3;363;363;380;485;517;570;;;;;;;464;464;474;563;563;616;597;597;597;602;610;653;610;610;621;642;642;685;;;;;
ANTWERPEN COMBINANT;FOT;MÜNCHEN RIEM;FOT;3;3;465;465;482;643;675;728;;;;;;;622;622;632;755;755;808;813;813;813;818;826;869;826;826;837;858;858;901;;;;;
DUISBURG RUHRORT HAFEN;FOT;ANTWERPEN COMBINANT;FOT;2;3;161;161;178;210;242;295;;;;;;;189;189;199;242;242;295;250;250;250;255;263;306;263;263;274;295;295;338;;;;;
HAMBURG BILLWERDER;FOT;ANTWERPEN COMBINANT;FOT;4;5;324;324;341;470;502;555;;;;;;;434;434;444;554;554;607;575;575;575;580;588;631;588;588;599;620;620;663;;;;;
LUDWIGSHAFEN;FOT;ANTWERPEN COMBINANT;FOT;4;5;363;363;380;485;517;570;;;;;;;464;464;474;563;563;616;597;597;597;602;610;653;610;610;621;642;642;685;;;;;
MÜNCHEN RIEM;FOT;ANTWERPEN COMBINANT;FOT;4;5;465;465;482;643;675;728;;;;;;;622;622;632;755;755;808;813;813;813;818;826;869;826;826;837;858;858;901;;;;;
DUISBURG RUHRORT HAFEN;FOT;GRANOLLERS;FOT;4;6;768;768;872;1027;1171;1345;;;;;;;947;947;997;1193;1218;1392;1191;1191;1191;1291;1341;1540;1283;1283;1333;1532;1582;1612;;;;;
DUISBURG RUHRORT HAFEN;FOT;MADRID ABROÑIGAL;FOT;6;6;868;868;1013;1192;1389;1610;;;;;;;1088;1088;1153;1396;1436;1657;1374;1374;1374;1504;1570;1831;1470;1470;1535;1797;1862;1901;;;;;
DUISBURG RUHRORT HAFEN;FOT;MURCIA;FOT;8;5;973;973;1156;1358;1604;1868;;;;;;;1231;1231;1310;1596;1651;1915;1559;1559;1559;1719;1798;2117;1670;1670;1750;2068;2148;2196;;;;;
DUISBURG RUHRORT HAFEN;FOT;SAN ROQUE;FOT;8;6;1063;1063;1277;1499;1786;2086;;;;;;;1352;1352;1444;1766;1833;2133;1717;1717;1717;1901;1993;2360;1840;1840;1932;2299;2391;2446;;;;;
DUISBURG RUHRORT HAFEN;FOT;SEVILLA LA NEGRILLA;FOT;8;6;1026;1026;1227;1441;1711;1996;;;;;;;1302;1302;1389;1696;1758;2043;1652;1652;1652;1826;1913;2260;1770;1770;1857;2204;2291;2343;;;;;
DUISBURG RUHRORT HAFEN;FOT;TARRAGONA CONSTANTÍ;FOT;4;6;794;794;908;1068;1224;1409;;;;;;;983;983;1036;1243;1271;1456;1239;1239;1239;1344;1398;1611;1333;1333;1386;1600;1653;1685;;;;;
DUISBURG RUHRORT HAFEN;FOT;VALENCIA SILLA;FOT;8;6;939;939;1109;1303;1533;1783;;;;;;;1184;1184;1258;1530;1580;1830;1498;1498;1498;1648;1723;2023;1604;1604;1679;1979;2054;2099;;;;;
DUISBURG RUHRORT HAFEN;FOT;VIGO GUIXAR;FOT;8;6;1002;1002;1195;1403;1662;1938;;;;;;;1270;1270;1353;1651;1709;1985;1610;1610;1610;1777;1861;2195;1725;1725;1808;2142;2226;2276;;;;;
DUISBURG RUHRORT HAFEN;FOT;ZARAGOZA PLAZA;FOT;8;6;853;853;993;1169;1360;1575;;;;;;;1068;1068;1131;1369;1407;1622;1348;1348;1348;1475;1538;1792;1443;1443;1506;1760;1823;1861;;;;;
GRANOLLERS;FOT;DUISBURG RUHRORT HAFEN;FOT;4;5;768;768;872;1027;1171;1345;;;;;;;947;947;997;1193;1218;1392;1191;1191;1191;1291;1341;1540;1283;1283;1333;1532;1582;1612;;;;;
MADRID ABROÑIGAL;FOT;DUISBURG RUHRORT HAFEN;FOT;6;5;868;868;1013;1192;1389;1610;;;;;;;1088;1088;1153;1396;1436;1657;1374;1374;1374;1504;1570;1831;1470;1470;1535;1797;1862;1901;;;;;
MURCIA;FOT;DUISBURG RUHRORT HAFEN;FOT;8;2;973;973;1156;1358;1604;1868;;;;;;;1231;1231;1310;1596;1651;1915;1559;1559;1559;1719;1798;2117;1670;1670;1750;2068;2148;2196;;;;;
SAN ROQUE;FOT;DUISBURG RUHRORT HAFEN;FOT;7;3;1063;1063;1277;1499;1786;2086;;;;;;;1352;1352;1444;1766;1833;2133;1717;1717;1717;1901;1993;2360;1840;1840;1932;2299;2391;2446;;;;;
SEVILLA LA NEGRILLA;FOT;DUISBURG RUHRORT HAFEN;FOT;7;3;1026;1026;1227;1441;1711;1996;;;;;;;1302;1302;1389;1696;1758;2043;1652;1652;1652;1826;1913;2260;1770;1770;1857;2204;2291;2343;;;;;
TARRAGONA CONSTANTÍ;FOT;DUISBURG RUHRORT HAFEN;FOT;4;5;794;794;908;1068;1224;1409;;;;;;;983;983;1036;1243;1271;1456;1239;1239;1239;1344;1398;1611;1333;1333;1386;1600;1653;1685;;;;;
VALENCIA SILLA;FOT;DUISBURG RUHRORT HAFEN;FOT;7;3;939;939;1109;1303;1533;1783;;;;;;;1184;1184;1258;1530;1580;1830;1498;1498;1498;1648;1723;2023;1604;1604;1679;1979;2054;2099;;;;;
VIGO GUIXAR;FOT;DUISBURG RUHRORT HAFEN;FOT;9;3;1002;1002;1195;1403;1662;1938;;;;;;;1270;1270;1353;1651;1709;1985;1610;1610;1610;1777;1861;2195;1725;1725;1808;2142;2226;2276;;;;;
ZARAGOZA PLAZA;FOT;DUISBURG RUHRORT HAFEN;FOT;7;3;853;853;993;1169;1360;1575;;;;;;;1068;1068;1131;1369;1407;1622;1348;1348;1348;1475;1538;1792;1443;1443;1506;1760;1823;1861;;;;;
HAMBURG BILLWERDER;FOT;GRANOLLERS;FOT;4;6;760;760;872;1047;1201;1384;;;;;;;963;963;1016;1225;1253;1436;1230;1230;1230;1335;1388;1598;1324;1324;1377;1597;1640;1672;;;;;
HAMBURG BILLWERDER;FOT;MADRID ABROÑIGAL;FOT;6;6;864;864;1018;1219;1428;1659;;;;;;;1109;1109;1178;1436;1480;1711;1419;1419;1419;1557;1625;1900;1519;1519;1588;1862;1931;1972;;;;;
HAMBURG BILLWERDER;FOT;MURCIA;FOT;8;5;971;971;1163;1387;1644;1919;;;;;;;1254;1254;1337;1638;1696;1971;1607;1607;1607;1773;1856;2189;1721;1721;1804;2139;2220;2270;;;;;
HAMBURG BILLWERDER;FOT;SAN ROQUE;FOT;8;6;1062;1062;1286;1529;1829;2140;;;;;;;1377;1377;1472;1810;1881;2192;1767;1767;1767;1958;2053;2435;1893;1893;1989;2371;2466;2523;;;;;
HAMBURG BILLWERDER;FOT;SEVILLA LA NEGRILLA;FOT;8;6;1027;1027;1238;1474;1758;2055;;;;;;;1329;1329;1420;1744;1810;2107;1705;1705;1705;1887;1977;2340;1827;1827;1918;2280;2371;2425;;;;;
HAMBURG BILLWERDER;FOT;TARRAGONA CONSTANTÍ;FOT;4;6;790;790;913;1094;1262;1457;;;;;;;1004;1004;1060;1282;1314;1509;1282;1282;1282;1396;1452;1679;1381;1381;1438;1664;1721;1755;;;;;
HAMBURG BILLWERDER;FOT;VALENCIA SILLA;FOT;9;6;938;938;1118;1334;1577;1838;;;;;;;1209;1209;1287;1575;1629;1890;1548;1548;1548;1706;1784;2099;1658;1658;1737;2051;2130;2177;;;;;
HAMBURG BILLWERDER;FOT;VIGO GUIXAR;FOT;9;6;1001;1001;1203;1433;1704;1991;;;;;;;1294;1294;1381;1694;1756;2043;1659;1659;1659;1833;1920;2269;1777;1777;1864;2213;2300;2352;;;;;
HAMBURG BILLWERDER;FOT;ZARAGOZA PLAZA;FOT;8;6;851;851;1000;1197;1400;1625;;;;;;;1091;1091;1157;1410;1452;1677;1395;1395;1395;1529;1596;1863;1493;1493;1560;1827;1894;1934;;;;;
GRANOLLERS;FOT;HAMBURG BILLWERDER;FOT;4;5;760;760;872;1047;1201;1384;;;;;;;963;963;1016;1225;1253;1436;1230;1230;1230;1335;1388;1598;1324;1324;1377;1597;1640;1672;;;;;
MADRID ABROÑIGAL;FOT;HAMBURG BILLWERDER;FOT;6;5;864;864;1018;1219;1428;1659;;;;;;;1109;1109;1178;1436;1480;1711;1419;1419;1419;1557;1625;1900;1519;1519;1588;1862;1931;1972;;;;;
MURCIA;FOT;HAMBURG BILLWERDER;FOT;8;2;971;971;1163;1387;1644;1919;;;;;;;1254;1254;1337;1638;1696;1971;1607;1607;1607;1773;1856;2189;1721;1721;1804;2139;2220;2270;;;;;
SAN ROQUE;FOT;HAMBURG BILLWERDER;FOT;7;3;1062;1062;1286;1529;1829;2140;;;;;;;1377;1377;1472;1810;1881;2192;1767;1767;1767;1958;2053;2435;1893;1893;1989;2371;2466;2523;;;;;
SEVILLA LA NEGRILLA;FOT;HAMBURG BILLWERDER;FOT;7;3;1027;1027;1238;1474;1758;2055;;;;;;;1329;1329;1420;1744;1810;2107;1705;1705;1705;1887;1977;2340;1827;1827;1918;2280;2371;2425;;;;;
TARRAGONA CONSTANTÍ;FOT;HAMBURG BILLWERDER;FOT;4;5; ;790;913;1094;1262;1457;;;;;;;1004;1004;1060;1282;1314;1509;1282;1282;1282;1396;1452;1679;1381;1381;1438;1664;1721;1755;;;;;
VALENCIA SILLA;FOT;HAMBURG BILLWERDER;FOT;7;3;938;938;1118;1334;1577;1838;;;;;;;1209;1209;1287;1575;1629;1890;1548;1548;1548;1706;1784;2099;1658;1658;1737;2051;2130;2177;;;;;
VIGO GUIXAR;FOT;HAMBURG BILLWERDER;FOT;9;3;1001;1001;1203;1433;1704;1991;;;;;;;1294;1294;1381;1694;1756;2043;1659;1659;1659;1833;1920;2269;1777;1777;1864;2213;2300;2352;;;;;
ZARAGOZA PLAZA;FOT;HAMBURG BILLWERDER;FOT;7;3;851;851;1000;1197;1400;1625;;;;;;;1091;1091;1157;1410;1452;1677;1395;1395;1395;1529;1596;1863;1493;1493;1560;1827;1894;1934;;;;;
MÜNCHEN RIEM;FOT;GRANOLLERS;FOT;4;6;735;735;839;1004;1148;1322;;;;;;;924;924;974;1174;1199;1373;1175;1175;1175;1275;1325;1524;1267;1267;1317;1516;1566;1596;;;;;
MÜNCHEN RIEM;FOT;MADRID ABROÑIGAL;FOT;6;6;835;835;980;1169;1366;1587;;;;;;;1065;1065;1130;1377;1417;1638;1358;1358;1358;1488;1554;1815;1454;1454;1519;1781;1846;1885;;;;;
MÜNCHEN RIEM;FOT;MURCIA;FOT;8;6;940;940;1123;1335;1581;1845;;;;;;;1208;1208;1287;1577;1632;1896;1543;1543;1543;1703;1782;2101;1654;1654;1734;2052;2132;2180;;;;;
MÜNCHEN RIEM;FOT;SAN ROQUE;FOT;8;6;1030;1030;1244;1476;1763;2063;;;;;;;1329;1329;1421;1747;1814;2114;1701;1701;1701;1885;1977;2344;1824;1824;1916;2283;2375;2430;;;;;
MÜNCHEN RIEM;FOT;SEVILLA LA NEGRILLA;FOT;8;6;993;993;1194;1418;1688;1973;;;;;;;1279;1279;1366;1677;1739;2024;1636;1636;1636;1810;1897;2244;1754;1754;1841;2188;2275;2327;;;;;
MÜNCHEN RIEM;FOT;TARRAGONA CONSTANTÍ;FOT;4;6;761;761;875;1045;1201;1386;;;;;;;960;960;1013;1224;1252;1437;1222;1222;1222;1328;1382;1595;1317;1317;1370;1584;1637;1669;;;;;
MÜNCHEN RIEM;FOT;VALENCIA SILLA;FOT;9;6;906;906;1076;1280;1510;1760;;;;;;;1161;1161;1235;1511;1561;1811;1482;1482;1482;1632;1707;2007;1588;1588;1663;1963;2038;2083;;;;;
MÜNCHEN RIEM;FOT;VIGO GUIXAR;FOT;9;6;969;969;1162;1380;1639;1915;;;;;;;1247;1247;1330;1632;1690;1966;1594;1594;1594;1761;1845;2179;1709;1709;1792;2126;2210;2260;;;;;
MÜNCHEN RIEM;FOT;ZARAGOZA PLAZA;FOT;8;6;820;820;960;1146;1337;1552;;;;;;;1045;1045;1108;1350;1388;1603;1332;1332;1332;1459;1522;1776;1427;1427;1490;1744;1807;1845;;;;;
GRANOLLERS;FOT;MÜNCHEN RIEM;FOT;4;5;735;735;839;1004;1148;1322;;;;;;;924;924;974;1174;1199;1373;1175;1175;1175;1275;1325;1524;1267;1267;1317;1516;1566;1596;;;;;
MADRID ABROÑIGAL;FOT;MÜNCHEN RIEM;FOT;6;5;835;835;980;1169;1366;1587;;;;;;;1065;1065;1130;1377;1417;1638;1358;1358;1358;1488;1554;1815;1454;1454;1519;1781;1846;1885;;;;;
MURCIA;FOT;MÜNCHEN RIEM;FOT;8;2;940;940;1123;1335;1581;1845;;;;;;;1208;1208;1287;1577;1632;1896;1543;1543;1543;1703;1782;2101;1654;1654;1734;2052;2132;2180;;;;;
SAN ROQUE;FOT;MÜNCHEN RIEM;FOT;7;3;1030;1030;1244;1476;1763;2063;;;;;;;1329;1329;1421;1747;1814;2114;1701;1701;1701;1885;1977;2344;1824;1824;1916;2283;2375;2430;;;;;
SEVILLA LA NEGRILLA;FOT;MÜNCHEN RIEM;FOT;7;3;993;993;1194;1418;1688;1973;;;;;;;1279;1279;1366;1677;1739;2024;1636;1636;1636;1810;1897;2244;1754;1754;1841;2188;2275;2327;;;;;
TARRAGONA CONSTANTÍ;FOT;MÜNCHEN RIEM;FOT;4;5;761;761;875;1045;1201;1386;;;;;;;960;960;1013;1224;1252;1437;1222;1222;1222;1328;1382;1595;1317;1317;1370;1584;1637;1669;;;;;
VALENCIA SILLA;FOT;MÜNCHEN RIEM;FOT;7;3;906;906;1076;1280;1510;1760;;;;;;;1161;1161;1235;1511;1561;1811;1482;1482;1482;1632;1707;2007;1588;1588;1663;1963;2038;2083;;;;;
VIGO GUIXAR;FOT;MÜNCHEN RIEM;FOT;9;3;969;969;1162;1380;1639;1915;;;;;;;1247;1247;1330;1632;1690;1966;1594;1594;1594;1761;1845;2179;1709;1709;1792;2126;2210;2260;;;;;
ZARAGOZA PLAZA;FOT;MÜNCHEN RIEM;FOT;7;3;820;820;960;1146;1337;1552;;;;;;;1045;1045;1108;1350;1388;1603;1332;1332;1332;1459;1522;1776;1427;1427;1490;1744;1807;1845;;;;;
DUISBURG RUHRORT HAFEN;FOT;BARCELONA MORROT;FOT;6;6;768;768;872;1027;1171;1345;;;;;;;947;947;997;1193;1218;1392;1191;1191;1191;1291;1341;1540;1283;1283;1333;1532;1582;1612;;;;;
BARCELONA MORROT;FOT;DUISBURG RUHRORT HAFEN;FOT;3;3;768;768;872;1027;1171;1345;;;;;;;947;947;997;1193;1218;1392;1191;1191;1191;1291;1341;1540;1283;1283;1333;1532;1582;1612;;;;;
HAMBURG BILLWERDER;FOT;BARCELONA MORROT;FOT;6;6;789;789;893;1089;1233;1407;;;;;;;1009;1009;1059;1276;1301;1475;1292;1292;1292;1392;1442;1641;1384;1384;1434;1633;1683;1713;;;;;
BARCELONA MORROT;FOT;HAMBURG BILLWERDER;FOT;3;3;789;789;893;1089;1233;1407;;;;;;;1009;1009;1059;1276;1301;1475;1292;1292;1292;1392;1442;1641;1384;1384;1434;1633;1683;1713;;;;;
KÖLN-EIFELTOR;FOT;BARCELONA MORROT;FOT;5;3;581;581;693;777;931;1114;;;;;;;693;693;746;903;931;1114;872;872;872;977;1030;1240;966;966;1019;1229;1282;1314;;;;;
BARCELONA MORROT;FOT;KÖLN-EIFELTOR;FOT;3;3;581;581;693;777;931;1114;;;;;;;693;693;746;903;931;1114;872;872;872;977;1030;1240;966;966;1019;1229;1282;1314;;;;;
MÜNCHEN RIEM;FOT;BARCELONA MORROT;FOT;5;5;735;735;839;1004;1148;1322;;;;;;;924;924;974;1174;1199;1373;1175;1175;1175;1275;1325;1524;1267;1267;1317;1516;1566;1596;;;;;
BARCELONA MORROT;FOT;MÜNCHEN RIEM;FOT;3;3;735;735;839;1004;1148;1322;;;;;;;924;924;974;1174;1199;1373;1175;1175;1175;1275;1325;1524;1267;1267;1317;1516;1566;1596;;;;;
KÖLN-EIFELTOR;FOT;GRANOLLERS;FOT;3;5;581;581;693;777;931;1114;;;;;;;693;693;746;903;931;1114;872;872;872;977;1030;1240;966;966;1019;1229;1282;1314;;;;;
KÖLN-EIFELTOR;FOT;MADRID ABROÑIGAL;FOT;4;3;685;685;839;949;1158;1389;;;;;;;839;839;908;1114;1158;1389;1061;1061;1061;1199;1267;1542;1161;1161;1230;1504;1573;1614;;;;;
KÖLN-EIFELTOR;FOT;MURCIA;FOT;8;3;792;792;984;1117;1374;1649;;;;;;;984;984;1067;1316;1374;1649;1249;1249;1249;1415;1498;1831;1363;1363;1446;1779;1862;1912;;;;;
KÖLN-EIFELTOR;FOT;SAN ROQUE;FOT;6;3;883;883;1107;1259;1559;1870;;;;;;;1107;1107;1202;1488;1559;1870;1409;1409;1409;1600;1695;2077;1535;1535;1631;2013;2108;2165;;;;;
KÖLN-EIFELTOR;FOT;SEVILLA LA NEGRILLA;FOT;6;3;848;848;1059;1204;1488;1785;;;;;;;1059;1059;1150;1422;1488;1785;1347;1347;1347;1529;1619;1982;1469;1469;1560;1922;2013;2067;;;;;
KÖLN-EIFELTOR;FOT;TARRAGONA CONSTANTÍ;FOT;3;5;611;611;734;824;992;1187;;;;;;;734;734;790;960;992;1187;924;924;924;1038;1094;1321;1023;1023;1080;1306;1363;1397;;;;;
KÖLN-EIFELTOR;FOT;VALENCIA SILLA;FOT;8;3;759;759;939;1064;1307;1568;;;;;;;939;939;1017;1253;1307;1568;1190;1190;1190;1348;1426;1741;1300;1300;1379;1693;1772;1819;;;;;
KÖLN-EIFELTOR;FOT;VIGO GUIXAR;FOT;8;3;822;822;1024;1163;1434;1721;;;;;;;1024;1024;1111;1372;1434;1721;1301;1301;1301;1475;1562;1911;1419;1419;1506;1855;1942;1994;;;;;
KÖLN-EIFELTOR;FOT;ZARAGOZA PLAZA;FOT;8;3;672;672;821;927;1130;1355;;;;;;;821;821;887;1088;1130;1355;1037;1037;1037;1171;1238;1505;1135;1135;1202;1469;1536;1576;;;;;
GRANOLLERS;FOT;KÖLN-EIFELTOR;FOT;3;5;581;581;693;777;931;1114;;;;;;;693;693;746;903;931;1114;872;872;872;977;1030;1240;966;966;1019;1229;1282;1314;;;;;
MADRID ABROÑIGAL;FOT;KÖLN-EIFELTOR;FOT;5;5;685;685;839;949;1158;1389;;;;;;;839;839;908;1114;1158;1389;1061;1061;1061;1199;1267;1542;1161;1161;1230;1504;1573;1614;;;;;
MURCIA;FOT;KÖLN-EIFELTOR;FOT;8;2;792;792;984;1117;1374;1649;;;;;;;984;984;1067;1316;1374;1649;1249;1249;1249;1415;1498;1831;1363;1363;1446;1779;1862;1912;;;;;
SAN ROQUE;FOT;KÖLN-EIFELTOR;FOT;7;3;883;883;1107;1259;1559;1870;;;;;;;1107;1107;1202;1488;1559;1870;1409;1409;1409;1600;1695;2077;1535;1535;1631;2013;2108;2165;;;;;
SEVILLA LA NEGRILLA;FOT;KÖLN-EIFELTOR;FOT;6;5;848;848;1059;1204;1488;1785;;;;;;;1059;1059;1150;1422;1488;1785;1347;1347;1347;1529;1619;1982;1469;1469;1560;1922;2013;2067;;;;;
TARRAGONA CONSTANTÍ;FOT;KÖLN-EIFELTOR;FOT;3;5;611;611;734;824;992;1187;;;;;;;734;734;790;960;992;1187;924;924;924;1038;1094;1321;1023;1023;1080;1306;1363;1397;;;;;
VALENCIA SILLA;FOT;KÖLN-EIFELTOR;FOT;6;3;759;759;939;1064;1307;1568;;;;;;;939;939;1017;1253;1307;1568;1190;1190;1190;1348;1426;1741;1300;1300;1379;1693;1772;1819;;;;;
VIGO GUIXAR;FOT;KÖLN-EIFELTOR;FOT;9;3;822;822;1024;1163;1434;1721;;;;;;;1024;1024;1111;1372;1434;1721;1301;1301;1301;1475;1562;1911;1419;1419;1506;1855;1942;1994;;;;;
ZARAGOZA PLAZA;FOT;KÖLN-EIFELTOR;FOT;7;5;672;672;821;927;1130;1355;;;;;;;821;821;887;1088;1130;1355;1037;1037;1037;1171;1238;1505;1135;1135;1202;1469;1536;1576;;;;;
LUDWIGSHAFEN;FOT;GRANOLLERS;FOT;3;5;561;561;665;745;889;1063;;;;;;;665;665;715;864;889;1063;835;835;835;935;985;1184;927;927;977;1176;1226;1256;;;;;
LUDWIGSHAFEN;FOT;MADRID ABROÑIGAL;FOT;4;4;661;661;806;910;1107;1328;;;;;;;806;806;871;1067;1107;1328;1018;1018;1018;1148;1214;1475;1114;1114;1179;1441;1506;1545;;;;;
LUDWIGSHAFEN;FOT;MURCIA;FOT;8;4;766;766;949;1076;1322;1586;;;;;;;949;949;1028;1267;1322;1586;1203;1203;1203;1363;1442;1761;1314;1314;1394;1712;1792;1840;;;;;
LUDWIGSHAFEN;FOT;SAN ROQUE;FOT;7;4;856;856;1070;1217;1504;1804;;;;;;;1070;1070;1162;1437;1504;1804;1361;1361;1361;1545;1637;2004;1484;1484;1576;1943;2035;2090;;;;;
LUDWIGSHAFEN;FOT;SEVILLA LA NEGRILLA;FOT;7;4;819;819;1020;1159;1429;1714;;;;;;;1020;1020;1107;1367;1429;1714;1296;1296;1296;1470;1557;1904;1414;1414;1501;1848;1935;1987;;;;;
LUDWIGSHAFEN;FOT;TARRAGONA CONSTANTÍ;FOT;3;5;587;587;701;786;942;1127;;;;;;;701;701;754;914;942;1127;882;882;882;988;1042;1255;977;977;1030;1244;1297;1329;;;;;
LUDWIGSHAFEN;FOT;VALENCIA SILLA;FOT;8;4;732;732;902;1021;1251;1501;;;;;;;902;902;976;1201;1251;1501;1142;1142;1142;1292;1367;1667;1248;1248;1323;1623;1698;1743;;;;;
LUDWIGSHAFEN;FOT;VIGO GUIXAR;FOT;8;4;795;795;988;1121;1380;1656;;;;;;;988;988;1071;1322;1380;1656;1254;1254;1254;1421;1505;1839;1369;1369;1452;1786;1870;1920;;;;;
LUDWIGSHAFEN;FOT;ZARAGOZA PLAZA;FOT;6;4;646;646;786;887;1078;1293;;;;;;;786;786;849;1040;1078;1293;992;992;992;1119;1182;1436;1087;1087;1150;1404;1467;1505;;;;;
GRANOLLERS;FOT;LUDWIGSHAFEN;FOT;3;5;561;561;665;745;889;1063;;;;;;;665;665;715;864;889;1063;835;835;835;935;985;1184;927;927;977;1176;1226;1256;;;;;
MADRID ABROÑIGAL;FOT;LUDWIGSHAFEN;FOT;5;5;661;661;806;910;1107;1328;;;;;;;806;806;871;1067;1107;1328;1018;1018;1018;1148;1214;1475;1114;1114;1179;1441;1506;1545;;;;;
MURCIA;FOT;LUDWIGSHAFEN;FOT;7;2;766;766;949;1076;1322;1586;;;;;;;949;949;1028;1267;1322;1586;1203;1203;1203;1363;1442;1761;1314;1314;1394;1712;1792;1840;;;;;
SAN ROQUE;FOT;LUDWIGSHAFEN;FOT;7;3;856;856;1070;1217;1504;1804;;;;;;;1070;1070;1162;1437;1504;1804;1361;1361;1361;1545;1637;2004;1484;1484;1576;1943;2035;2090;;;;;
SEVILLA LA NEGRILLA;FOT;LUDWIGSHAFEN;FOT;5;3;819;819;1020;1159;1429;1714;;;;;;;1020;1020;1107;1367;1429;1714;1296;1296;1296;1470;1557;1904;1414;1414;1501;1848;1935;1987;;;;;
TARRAGONA CONSTANTÍ;FOT;LUDWIGSHAFEN;FOT;3;5;587;587;701;786;942;1127;;;;;;;701;701;754;914;942;1127;882;882;882;988;1042;1255;977;977;1030;1244;1297;1329;;;;;
VALENCIA SILLA;FOT;LUDWIGSHAFEN;FOT;6;3;732;732;902;1021;1251;1501;;;;;;;902;902;976;1201;1251;1501;1142;1142;1142;1292;1367;1667;1248;1248;1323;1623;1698;1743;;;;;
VIGO GUIXAR;FOT;LUDWIGSHAFEN;FOT;9;3;795;795;988;1121;1380;1656;;;;;;;988;988;1071;1322;1380;1656;1254;1254;1254;1421;1505;1839;1369;1369;1452;1786;1870;1920;;;;;
ZARAGOZA PLAZA;FOT;LUDWIGSHAFEN;FOT;7;5;646;646;786;887;1078;1293;;;;;;;786;786;849;1040;1078;1293;992;992;992;1119;1182;1436;1087;1087;1150;1404;1467;1505;;;;;
LUDWIGSHAFEN;FOT;BARCELONA MORROT;FOT;3;3;561;561;665;745;889;1063;;;;;;;665;665;715;864;889;1063;835;835;835;935;985;1184;927;927;977;1176;1226;1256;;;;;
BARCELONA MORROT;FOT;LUDWIGSHAFEN;FOT;2;3;561;561;665;745;889;1063;;;;;;;665;665;715;864;889;1063;835;835;835;935;985;1184;927;927;977;1176;1226;1256;;;;;
HOJE TAASTRUP;FOT;BARCELONA MORROT;FOT;8;4;1123;1123;1227;1505;1649;1823;;;;;;;1406;1406;1456;1736;1761;1935;1849;1849;1849;1949;1999;2198;1941;1941;1991;2190;2240;2270;;;;;
BARCELONA MORROT;FOT;HOJE TAASTRUP;FOT;8;4;1123;1123;1227;1505;1649;1823;;;;;;;1406;1406;1456;1736;1761;1935;1849;1849;1849;1949;1999;2198;1941;1941;1991;2190;2240;2270;;;;;
HOJE TAASTRUP;FOT;MADRID ABROÑIGAL;FOT;8;4;1203;1203;1357;1640;1849;2080;;;;;;;1516;1516;1585;1908;1952;2183;1976;1976;1976;2114;2182;2457;2076;2076;2145;2419;2488;2529;;;;;
MADRID ABROÑIGAL;FOT;HOJE TAASTRUP;FOT;8;4;1203;1203;1357;1640;1849;2080;;;;;;;1516;1516;1585;1908;1952;2183;1976;1976;1976;2114;2182;2457;2076;2076;2145;2419;2488;2529;;;;;
RÖNLAND;FOT;BARCELONA MORROT;FOT;7;2;1337;1337;1441;1719;1863;2037;;;;;;;1791;1791;1841;2123;2148;2322;2355;2355;2355;2455;2505;2704;2447;2447;2497;2696;2746;2776;;;;;
BARCELONA MORROT;FOT;RÖNLAND;FOT;7;2;1337;1337;1441;1719;1863;2037;;;;;;;1791;1791;1841;2123;2148;2322;2355;2355;2355;2455;2505;2704;2447;2447;2497;2696;2746;2776;;;;;
RÖNLAND;FOT;MADRID ABROÑIGAL;FOT;8;2;1412;1412;1566;1849;2058;2289;;;;;;;1891;1891;1960;2283;2327;2558;2482;2482;2482;2620;2688;2963;2582;2582;2651;2925;2994;3035;;;;;
MADRID ABROÑIGAL;FOT;RÖNLAND;FOT;8;2;1412;1412;1566;1849;2058;2289;;;;;;;1891;1891;1960;2283;2327;2558;2482;2482;2482;2620;2688;2963;2582;2582;2651;2925;2994;3035;;;;;
TAULOV;FOT;BARCELONA MORROT;FOT;7;5;1007;1007;1111;1394;1538;1712;;;;;;;1259;1259;1309;1581;1606;1780;1650;1650;1650;1750;1800;1999;1742;1742;1792;1991;2041;2071;;;;;
BARCELONA MORROT;FOT;TAULOV;FOT;7;5;1007;1007;1111;1394;1538;1712;;;;;;;1259;1259;1309;1581;1606;1780;1650;1650;1650;1750;1800;1999;1742;1742;1792;1991;2041;2071;;;;;
TAULOV;FOT;MADRID ABROÑIGAL;FOT;8;5;1082;1082;1236;1524;1733;1964;;;;;;;1359;1359;1428;1741;1785;2016;1777;1777;1777;1915;1983;2258;1877;1877;1946;2220;2289;2330;;;;;
MADRID ABROÑIGAL;FOT;TAULOV;FOT;8;5;1082;1082;1236;1524;1733;1964;;;;;;;1359;1359;1428;1741;1785;2016;1777;1777;1777;1915;1983;2258;1877;1877;1946;2220;2289;2330;;;;;
HAMBURG BILLWERDER;FOT;LYON VÉNISSIEUX;FOT;3;6;509;509;561;727;858;924;;;;;;;509;509;594;727;858;924;678;678;711;911;911;977;910;910;943;1107;1107;1107;;;;;
LYON VÉNISSIEUX;FOT;HAMBURG BILLWERDER;FOT;3;5;509;509;561;727;858;924;;;;;;;509;509;594;727;858;924;678;678;711;911;911;977;910;910;943;1107;1107;1107;;;;;
DUISBURG RUHRORT HAFEN;FOT;LYON VÉNISSIEUX;FOT;2;5;342;342;394;460;591;657;;;;;;;342;342;427;460;591;657;427;427;460;591;591;657;577;577;610;774;744;744;;;;;
LYON VÉNISSIEUX;FOT;DUISBURG RUHRORT HAFEN;FOT;2;5;342;342;394;460;591;657;;;;;;;342;342;427;460;591;657;427;427;460;591;591;657;577;577;610;774;744;744;;;;;
;;;;;;;;;;;;;;;;;;;;;;;;;;;;;;;;;;;;;;;;
;;;;;;;;;;;;;;;;;;;;;;;;;;;;;;;;;;;;;;;;
NAVILAND;;;;;;;;;;;;;;;;;;;;;;;;;;;;;;;;;;;;;;;;
;;;;;;;;;;;;;;;;;;;;;;;;;;;;;;;;;;;;;;;;
ORIGIN;INC;DESTINATION;INC;TTE;FREQUENCE;20' E;20' F;20' F;20' F;20' F;20' F;;;;;;;;;;;;;40' E;40' F;40' F;40' F;40' F;40' F;;;;;;;;;;;
ANTWERPEN PSA QUAI 913;FOT;PARIS VALENTON;FOT;2;5;350;350;350;350;350;350;;;;;;;;;;;;;420;420;420;420;420;420;;;;;;;;;;;
PARIS VALENTON;FOT;ANTWERPEN PSA QUAI 913;FOT;3;5;350;350;350;350;350;350;;;;;;;;;;;;;420;420;420;420;420;420;;;;;;;;;;;
PARIS VALENTON;FOT;LE HAVRE (QUAYS);FOT;2;5;107;201;201;201;201;234;;;;;;;;;;;;;157;234;234;234;234;234;;;;;;;;;;;
LE HAVRE (QUAYS);FOT;PARIS VALENTON;FOT;2;5;107;201;201;201;201;234;;;;;;;;;;;;;157;234;234;234;234;234;;;;;;;;;;;
;;;;;;;;;;;;;;;;;;;;;;;;;;;;;;;;;;;;;;;;
;;;;;;;;;;;;;;;;;;;;;;;;;;;;;;;;;;;;;;;;
SHUTTLEWISE;;;;;;;;;;;;;;;;;;;;;;;;;;;;;;;;;;;;;;;;
;;;;;;;;;;;;;;;;;;;;;;;;;;;;;;;;;;;;;;;;
ORIGIN;INC;DESTINATION;INC;TTE;FREQUENCE;20' F (< 8tn);20' F (< 8tn);20' F (< 16,5tn);20' F (< 22tn);20' F (< 34tn);20' F (< 34tn);25' F (< 8tn);25' F (< 8tn);25' F (< 16,5tn);25' F (< 22tn);25' F (< 34tn);25' F (< 34tn);30' F (< 8tn);30' F (< 8tn);30' F (< 16,5tn);30' F (< 22tn);30' F (< 34tn);30' F (< 34tn);40' F (< 8tn);40' F (< 8tn);40' F (< 16,5tn);40' F (< 22tn);40' F (< 34tn);40' F (< 34tn);45' F (< 8tn);45' F (< 8tn);45' F (< 16,5tn);45' F (< 22tn);45' F (< 34tn);45' F (< 34tn);;;;;
ROTTERDAM RSC;FOT;MORTARA;FOT;3;6;340;340;560;560;560;560;360;360;580;580;580;580;370;370;590;590;590;590;440;440;630;630;630;630;500;500;660;660;660;660;;;;;
MORTARA;FOT;ROTTERDAM RSC;FOT;3;6;340;340;560;560;560;560;360;360;580;580;580;580;370;370;590;590;590;590;440;440;630;630;630;630;500;500;660;660;660;660;;;;;
KREFELD;FOT;MORTARA;FOT;3;5;340;340;550;550;550;550;360;360;580;580;580;580;380;380;590;590;590;590;430;430;600;600;600;600;490;490;630;630;630;630;;;;;
MORTARA;FOT;KREFELD;FOT;3;5;340;340;550;550;550;550;360;360;580;580;580;580;380;380;590;590;590;590;430;430;600;600;600;600;490;490;630;630;630;630;;;;;
GENT;FOT;MORTARA;FOT;3;5;340;340;550;550;550;550;360;360;580;580;580;580;380;380;590;590;590;590;430;430;600;600;600;600;490;490;630;630;630;630;;;;;
MORTARA;FOT;GENT;FOT;3;5;340;340;550;550;550;550;360;360;580;580;580;580;380;380;590;590;590;590;430;430;600;600;600;600;490;490;630;630;630;630;;;;;
KREFELD;FOT;MELZO;FOT;3;3;340;340;550;550;550;550;360;360;580;580;580;580;380;380;590;590;590;590;430;430;600;600;600;600;490;490;630;630;630;630;;;;;
MELZO;FOT;KREFELD;FOT;3;3;340;340;550;550;550;550;360;360;580;580;580;580;380;380;590;590;590;590;430;430;600;600;600;600;490;490;630;630;630;630;;;;;
ROTTERDAM RSC;FOT;ANTWERPEN MAINHUB;FOT;2;5;165;165;165;165;165;165;165;165;165;165;165;165;165;165;165;165;165;165;165;165;165;165;165;165;165;165;165;165;165;165;;;;;
ANTWERPEN MAINHUB;FOT;ROTTERDAM RSC;FOT;2;5;165;165;165;165;165;165;165;165;165;165;165;165;165;165;165;165;165;165;165;165;165;165;165;165;165;165;165;165;165;165;;;;;
ROTTERDAM RSC;FOT;DOURGES LDCT;FOT;2;5;225;225;225;225;225;225;225;225;225;225;225;225;225;225;225;225;225;225;250;250;250;250;250;250;250;250;250;250;250;250;;;;;
DOURGES LDCT;FOT;ROTTERDAM RSC;FOT;2;5;225;225;225;225;225;225;225;225;225;225;225;225;225;225;225;225;225;225;250;250;250;250;250;250;250;250;250;250;250;250;;;;;
ROTTERDAM MVT;FOT;DOURGES LDCT;FOT;2;5;285;285;285;285;285;285;285;285;285;285;285;285;285;285;285;285;285;285;310;310;310;310;310;310;310;310;310;310;310;310;;;;;
DOURGES LDCT;FOT;ROTTERDAM MVT;FOT;2;5;285;285;285;285;285;285;285;285;285;285;285;285;285;285;285;285;285;285;310;310;310;310;310;310;310;310;310;310;310;310;;;;;
ANTWERPEN MAINHUB;FOT;DOURGES LDCT;FOT;2;5;175;175;175;175;175;175;175;175;175;175;175;175;175;175;175;175;175;175;175;175;175;175;175;175;175;175;175;175;175;175;;;;;
DOURGES LDCT;FOT;ANTWERPEN MAINHUB;FOT;2;5;175;175;175;175;175;175;175;175;175;175;175;175;175;175;175;175;175;175;175;175;175;175;175;175;175;175;175;175;175;175;;;;;
ANTWERPEN MAINHUB;FOT;LOVOSICE;FOT;2;2;360;360;400;460;580;580;420;420;460;580;580;580;420;420;460;580;580;580;540;540;580;710;710;710;710;710;710;710;710;710;;;;;
LOVOSICE;FOT;ANTWERPEN MAINHUB;FOT;3;2;360;360;400;460;580;580;420;420;460;580;580;580;420;420;460;580;580;580;540;540;580;710;710;710;710;710;710;710;710;710;;;;;
ANTWERPEN MAINHUB;FOT;VIENNA;FOT;3;2;400;400;460;570;690;690;500;500;540;610;690;690;500;500;540;610;690;690;620;620;650;690;770;770;690;690;770;880;880;880;;;;;
VIENNA;FOT;ANTWERPEN MAINHUB;FOT;3;2;400;400;460;570;690;690;500;500;540;610;690;690;500;500;540;610;690;690;620;620;650;690;770;770;690;690;770;880;880;880;;;;;
DUISBURG DIT;FOT;DOURGES LDCT;FOT;2;5;395;395;395;395;395;395;425;425;425;425;425;425;425;425;425;425;425;425;470;470;470;470;470;470;490;490;490;490;490;490;;;;;
DOURGES LDCT;FOT;DUISBURG DIT;FOT;2;5;395;395;395;395;395;395;425;425;425;425;425;425;425;425;425;425;425;425;470;470;470;470;470;470;490;490;490;490;490;490;;;;;
;;;;;;;;;;;;;;;;;;;;;;;;;;;;;;;;;;;;;;;;
;;;;;;;;;;;;;;;;;;;;;;;;;;;;;;;;;;;;;;;;
PCC;;;;;;;;;;;;;;;;;;;;;;;;;;;;;;;;;;;;;;;;
;;;;;;;;;;;;;;;;;;;;;;;;;;;;;;;;;;;;;;;;
ORIGIN;INC;DESTINATION;INC;TTE;FREQUENCE;20' E;20' F (<=22tn);20' F (<=22tn);20' F (<=22tn);20' F (<=30tn);20' F (>30tn);;;;;;;30' E;30' F (<=30tn);30' F (<=30tn);30' F (<=30tn);30' F (>30tn);30' F (>30tn);40' E;40' F;40' F;40' F;40' F;40' F;45' E;45' F;45' F;45' F;45' F;45' F;;20' E;30' E;40' E;45' E
ROTTERDAM CTT;FOT;FRANKFURT ODER;FOT;2;8;;254;254;254;359;464;;;;;;;;359;359;359;464;464;;464;464;464;464;464;;464;464;464;464;464;;194;294;394;394
ROTTERDAM CTT;FOT;POZNAN;FOT;3;3;;304;304;304;434;564;;;;;;;;434;434;434;564;564;;564;564;564;564;564;;564;564;564;564;564;;244;344;444;444
ROTTERDAM CTT;FOT;KUTNO;FOT;3;8;;344;344;344;494;644;;;;;;;;494;494;494;644;644;;644;644;644;644;644;;644;644;644;644;644;;294;394;494;494
ROTTERDAM CTT;FOT;BRZEG DOLNY;FOT;3;8;;344;344;344;494;644;;;;;;;;494;494;494;644;644;;644;644;644;644;644;;644;644;644;644;644;;294;394;494;494
ROTTERDAM CTT;FOT;GLIWICE;FOT;4;8;;394;394;394;569;744;;;;;;;;569;569;569;744;744;;744;744;744;744;744;;744;744;744;744;744;;294;394;494;494
ROTTERDAM CTT;FOT;KOLBUSZOWA;FOT;4;8;;444;444;444;644;844;;;;;;;;644;644;644;844;844;;844;844;844;844;844;;844;844;844;844;844;;294;394;494;494
ROTTERDAM CTT;FOT;BREST;FOT;5;2;;544;544;544;744;944;;;;;;;;744;744;744;944;944;;944;944;944;944;944;;944;944;944;944;944;;394;494;594;594
FRANKFURT ODER;FOT;ROTTERDAM CTT;FOT;2;8;;254;254;254;359;464;;;;;;;;359;359;359;464;464;;464;464;464;464;464;;464;464;464;464;464;;194;294;394;394
POZNAN;FOT;ROTTERDAM CTT;FOT;3;2;;304;304;304;434;564;;;;;;;;434;434;434;564;564;;564;564;564;564;564;;564;564;564;564;564;;244;344;444;444
KUTNO;FOT;ROTTERDAM CTT;FOT;3;8;;344;344;344;494;644;;;;;;;;494;494;494;644;644;;644;644;644;644;644;;644;644;644;644;644;;294;394;494;494
BRZEG DOLNY;FOT;ROTTERDAM CTT;FOT;4;8;;344;344;344;494;644;;;;;;;;494;494;494;644;644;;644;644;644;644;644;;644;644;644;644;644;;294;394;494;494
GLIWICE;FOT;ROTTERDAM CTT;FOT;4;8;;394;394;394;569;744;;;;;;;;569;569;569;744;744;;744;744;744;744;744;;744;744;744;744;744;;294;394;494;494
KOLBUSZOWA;FOT;ROTTERDAM CTT;FOT;4;8;;444;444;444;644;844;;;;;;;;644;644;644;844;844;;844;844;844;844;844;;844;844;844;844;844;;294;394;494;494
BREST;FOT;ROTTERDAM CTT;FOT;5;2;;544;544;544;744;944;;;;;;;;744;744;744;944;944;;944;944;944;944;944;;944;944;944;944;944;;394;494;594;594
ANTWERPEN Q1700;FOT;FRANKFURT ODER;FOT;3;3;;304;304;304;434;564;;;;;;;;434;434;434;564;564;;564;564;564;564;564;;564;564;564;564;564;;234;354;474;474
ANTWERPEN Q1701;FOT;POZNAN;FOT;5;3;;354;354;354;509;664;;;;;;;;509;509;509;664;664;;664;664;664;664;664;;664;664;664;664;664;;284;404;524;524
ANTWERPEN Q1702;FOT;KUTNO;FOT;4;3;;394;394;394;569;744;;;;;;;;569;569;569;744;744;;744;744;744;744;744;;744;744;744;744;744;;334;454;574;574
ANTWERPEN Q1703;FOT;BRZEG DOLNY;FOT;4;3;;394;394;394;569;744;;;;;;;;569;569;569;744;744;;744;744;744;744;744;;744;744;744;744;744;;334;454;574;574
ANTWERPEN Q1704;FOT;GLIWICE;FOT;5;3;;444;444;444;644;844;;;;;;;;644;644;644;844;844;;844;844;844;844;844;;844;844;844;844;844;;334;454;574;574
ANTWERPEN Q1705;FOT;KOLBUSZOWA;FOT;6;3;;494;494;494;719;944;;;;;;;;719;719;719;944;944;;944;944;944;944;944;;944;944;944;944;944;;334;454;574;574
ANTWERPEN Q1706;FOT;BREST;FOT;6;2;;594;594;594;819;1044;;;;;;;;819;819;819;1044;1044;;1044;1044;1044;1044;1044;;1044;1044;1044;1044;1044;;434;554;674;674
FRANKFURT ODER;FOT;ANTWERPEN Q1700;FOT;6;3;;304;304;304;434;564;;;;;;;;434;434;434;564;564;;564;564;564;564;564;;564;564;564;564;564;;234;354;474;474
POZNAN;FOT;ANTWERPEN Q1701;FOT;6;3;;354;354;354;509;664;;;;;;;;509;509;509;664;664;;664;664;664;664;664;;664;664;664;664;664;;284;404;524;524
KUTNO;FOT;ANTWERPEN Q1702;FOT;7;3;;394;394;394;569;744;;;;;;;;569;569;569;744;744;;744;744;744;744;744;;744;744;744;744;744;;334;454;574;574
BRZEG DOLNY;FOT;ANTWERPEN Q1703;FOT;7;3;;394;394;394;569;744;;;;;;;;569;569;569;744;744;;744;744;744;744;744;;744;744;744;744;744;;334;454;574;574
GLIWICE;FOT;ANTWERPEN Q1704;FOT;7;3;;444;444;444;644;844;;;;;;;;644;644;644;844;844;;844;844;844;844;844;;844;844;844;844;844;;334;454;574;574
KOLBUSZOWA;FOT;ANTWERPEN Q1705;FOT;7;3;;494;494;494;719;944;;;;;;;;719;719;719;944;944;;944;944;944;944;944;;944;944;944;944;944;;334;454;574;574
BREST;FOT;ANTWERPEN Q1706;FOT;6;2;;594;594;594;819;1044;;;;;;;;819;819;819;1044;1044;;1044;1044;1044;1044;1044;;1044;1044;1044;1044;1044;;434;554;674;674
DUISBURG DIT;FOT;FRANKFURT ODER;FOT;2;3;;194;194;194;269;344;;;;;;;;269;269;269;344;344;;344;344;344;344;344;;344;344;344;344;344;;164;224;284;284
DUISBURG DIT;FOT;POZNAN;FOT;3;3;;244;244;244;344;444;;;;;;;;344;344;344;444;444;;444;444;444;444;444;;444;444;444;444;444;;224;314;404;404
DUISBURG DIT;FOT;KUTNO;FOT;3;3;;294;294;294;419;544;;;;;;;;419;419;419;544;544;;544;544;544;544;544;;544;544;544;544;544;;264;374;484;484
DUISBURG DIT;FOT;BRZEG DOLNY;FOT;3;3;;294;294;294;419;544;;;;;;;;419;419;419;544;544;;544;544;544;544;544;;544;544;544;544;544;;264;374;484;484
DUISBURG DIT;FOT;GLIWICE;FOT;4;3;;344;344;344;494;644;;;;;;;;494;494;494;644;644;;644;644;644;644;644;;644;644;644;644;644;;264;374;484;484
DUISBURG DIT;FOT;KOLBUSZOWA;FOT;4;3;;384;384;384;554;724;;;;;;;;554;554;554;724;724;;724;724;724;724;724;;724;724;724;724;724;;264;374;484;484
DUISBURG DIT;FOT;BREST;FOT;6;2;;484;484;484;704;924;;;;;;;;704;704;704;924;924;;924;924;924;924;924;;924;924;924;924;924;;394;494;594;594
FRANKFURT ODER;FOT;DUISBURG DIT;FOT;3;3;;194;194;194;269;344;;;;;;;;269;269;269;344;344;;344;344;344;344;344;;344;344;344;344;344;;164;224;284;284
POZNAN;FOT;DUISBURG DIT;FOT;3;3;;244;244;244;344;444;;;;;;;;344;344;344;444;444;;444;444;444;444;444;;444;444;444;444;444;;224;314;404;404
KUTNO;FOT;DUISBURG DIT;FOT;4;3;;294;294;294;419;544;;;;;;;;419;419;419;544;544;;544;544;544;544;544;;544;544;544;544;544;;264;374;484;484
BRZEG DOLNY;FOT;DUISBURG DIT;FOT;4;3;;294;294;294;419;544;;;;;;;;419;419;419;544;544;;544;544;544;544;544;;544;544;544;544;544;;264;374;484;484
GLIWICE;FOT;DUISBURG DIT;FOT;5;3;;344;344;344;494;644;;;;;;;;494;494;494;644;644;;644;644;644;644;644;;644;644;644;644;644;;264;374;484;484
KOLBUSZOWA;FOT;DUISBURG DIT;FOT;6;3;;384;384;384;554;724;;;;;;;;554;554;554;724;724;;724;724;724;724;724;;724;724;724;724;724;;264;374;484;484
BREST;FOT;DUISBURG DIT;FOT;8;2;;484;484;484;704;924;;;;;;;;704;704;704;924;924;;924;924;924;924;924;;924;924;924;924;924;;394;494;594;594
;;;;;;;;;;;;;;;;;;;;;;;;;;;;;;;;;;;;;;;;
;;;;;;;;;;;;;;;;;;;;;;;;;;;;;;;;;;;;;;;;
TP NOVA;;;;;;;;;;;;;;;;;;;;;;;;;;;;;;;;;;;;;;;;
;;;;;;;;;;;;;;;;;;;;;;;;;;;;;;;;;;;;;;;;
ORIGIN;INC;DESTINATION;INC;TTE;FREQUENCE;20' E;20' F;20' F;20' F;20' F;20' F;;;;;;;30' E;30' F;30' F;30' F;30' F;30' F;40' E;40' F (<20tn);40' F (<20tn);40' F (<20tn);40' F (<20tn);40' F (>20tn);45' E;45' F;45' F;45' F;45' F;45' F;30;;;;
TARRAGONA ENTREVÍAS;FOT;BARCELONA BEST;FOT;2;5;90;120;120;120;120;120;;;;;;;100;130;130;130;130;130;110;150;150;150;150;150;;;;;;;30;;;;
BARCELONA BEST;FOT;TARRAGONA ENTREVÍAS;FOT;2;5;90;120;120;120;120;120;;;;;;;100;130;130;130;130;130;110;150;150;150;150;150;;;;;;;30;;;;
TARRAGONA ENTREVÍAS;FOT;BARCELONA APM TERMINAL;FOT;2;5;90;120;120;120;120;120;;;;;;;100;130;130;130;130;130;110;150;150;150;150;150;;;;;;;30;;;;
BARCELONA APM TERMINAL;FOT;TARRAGONA ENTREVÍAS;FOT;2;5;90;120;120;120;120;120;;;;;;;100;130;130;130;130;130;110;150;150;150;150;150;;;;;;;30;;;;
ALGECIRAS - TTI;FOR;CÓRDOBA EL HIGUERÓN;FOR;2;3;80;130;130;130;130;130;;;;;;;100;130;130;130;130;130;115;170;170;170;195;195;;;;;;;30;;;;
CÓRDOBA EL HIGUERÓN;FOR;ALGECIRAS - TTI;FOR;2;3;80;130;130;130;130;130;;;;;;;100;130;130;130;130;130;115;170;170;170;195;195;;;;;;;30;;;;
ALGECIRAS - TTI;FOT;MADRID COSLADA;FOT;2;5;248;448;448;448;448;448;;;;;;;;;;;;;375;448;448;448;448;448;335;365;365;365;365;365;30;;;;
MADRID COSLADA;FOT;ALGECIRAS - TTI;FOT;2;5;248;448;448;448;448;448;;;;;;;;;;;;;375;448;448;448;448;448;335;365;365;365;365;365;30;;;;
;;;;;;;;;;;;;;;;;;;;;;;;;;;;;;;;;;;;;;;;
;;;;;;;;;;;;;;;;;;;;;;;;;;;;;;;;;;;;;;;;
HUTCHINSON LOGISTICS;;;;;;;;;;;;;;;;;;;;;;;;;;;;;;;;;;;;;;;;
;;;;;;;;;;;;;;;;;;;;;;;;;;;;;;;;;;;;;;;;
ORIGIN;INC;DESTINATION;INC;TTE;FREQUENCE;20' E;20' F;20' F;20' F;20' F;20' F;;;;;;;;;;;;;40' E;40' F;40' F;40' F;40' F;40' F;;;;;;;;;;;
BARCELONA BEST;FOR;NOAIN;FOT;2;2;180;260;260;260;260;260;;;;;;;;;;;;;240;325;325;325;325;325;;;;;;;30;;;;
NOAIN;FOT;BARCELONA BEST;FOR;2;2;180;260;260;260;260;260;;;;;;;;;;;;;240;325;325;325;325;325;;;;;;;30;;;;
;;;;;;;;;;;;;;;;;;;;;;;;;;;;;;;;;;;;;;;;
;;;;;;;;;;;;;;;;;;;;;;;;;;;;;;;;;;;;;;;;
IFB;;;;;;;;;;;;;;;;;;;;;;;;;;;;;;;;;;;;;;;;
;;;;;;;;;;;;;;;;;;;;;;;;;;;;;;;;;;;;;;;;
ORIGIN;INC;DESTINATION;INC;TTE;FREQUENCE;20' F (< 8tn);20' F (< 8tn);20' F (< 16,5tn);20' F (< 22tn);20' F (< 24tn);20' F (< 27tn);25' F (< 8tn);25' F (< 8tn);25' F (< 16,5tn);25' F (< 22tn);25' F (< 24tn);25' F (< 27tn);30' F (< 8tn);30' F (< 8tn);30' F (< 16,5tn);30' F (< 22tn);30' F (< 24tn);30' F (< 27tn);40' F (< 8tn);40' F (< 8tn);40' F (< 16,5tn);40' F (< 22tn);40' F (< 24tn);40' F (< 27tn);45' F (< 8tn);45' F (< 8tn);45' F (< 16,5tn);45' F (< 22tn);45' F (< 24tn);45' F (< 27tn);;;;;
ANTWERPEN MAINHUB;FOT;GRANOLLERS;FOT;3;4;585;585;890;890;890;890;585;585;890;890;890;890;585;585;890;890;890;890;711;711;985;985;985;985;1050;1050;1050;1050;1050;1050;;;;;
GRANOLLERS;FOT;ANTWERPEN MAINHUB;FOT;3;4;585;585;890;890;890;890;585;585;890;890;890;890;585;585;890;890;890;890;711;711;985;985;985;985;1050;1050;1050;1050;1050;1050;;;;;
ANTWERPEN QUAY 1700/1742;FOR;GRANOLLERS;FOT;3;4;613;613;918;918;918;918;744;744;1018;1018;1018;1018;744;744;1018;1018;1018;1018;744;744;1018;1018;1018;1018;;;;;;;;;;;
GRANOLLERS;FOT;ANTWERPEN QUAY 1700/1742;FOR;3;4;613;613;918;918;918;918;744;744;1018;1018;1018;1018;744;744;1018;1018;1018;1018;744;744;1018;1018;1018;1018;;;;;;;;;;;
ANTWERPEN QUAY 1700/1742;FOR;TARRAGONA CONSTANTÍ;FOT;3;4;632;632;1023;1023;1023;1023;;;;;;;;;;;;;1077;1077;1279;1279;1279;1279;;;;;;;;;;;
TARRAGONA CONSTANTÍ;FOT;ANTWERPEN QUAY 1700/1742;FOR;3;4;632;632;1023;1023;1023;1023;;;;;;;;;;;;;1077;1077;1279;1279;1279;1279;;;;;;;;;;;
ANTWERPEN MAINHUB;FOT;TARRAGONA CONSTANTÍ;FOT;3;4;597;597;988;988;988;988;;;;;;;;;;;;;1037;1037;1239;1239;1239;1239;;;;;;;;;;;
TARRAGONA CONSTANTÍ;FOT;ANTWERPEN MAINHUB;FOT;3;4;597;597;988;988;988;988;;;;;;;;;;;;;1037;1037;1239;1239;1239;1239;;;;;;;;;;;
ANTWERPEN MAINHUB;FOT;MADRID ABROÑIGAL;FOT;3;4;661;661;1065;1065;1065;1065;661;661;1065;1065;1065;1065;661;661;1065;1065;1065;1065;666;666;1074;1074;1074;1074;742;742;1241;1241;1241;1241;;;;;
MADRID ABROÑIGAL;FOT;ANTWERPEN MAINHUB;FOT;3;4;661;661;1065;1065;1065;1065;661;661;1065;1065;1065;1065;661;661;1065;1065;1065;1065;666;666;1074;1074;1074;1074;742;742;1241;1241;1241;1241;;;;;
ANTWERPEN MAINHUB;FOT;HENDAYE;FOT;3;4;499;499;790;790;790;790;499;499;790;790;790;790;499;499;790;790;790;790;685;685;811;811;811;811;721;721;889;889;889;889;;;;;
HENDAYE;FOT;ANTWERPEN MAINHUB;FOT;3;4;499;499;790;790;790;790;499;499;790;790;790;790;499;499;790;790;790;790;685;685;811;811;811;811;721;721;889;889;889;889;;;;;
ROTTERDAM RSC;FOT;MADRID ABROÑIGAL;FOT;3;4;786;786;1190;1190;1190;1190;786;786;1190;1190;1190;1190;786;786;1190;1190;1190;1190;791;791;1199;1199;1199;1199;867;867;1366;1366;1366;1366;;;;;
MADRID ABROÑIGAL;FOT;ROTTERDAM RSC;FOT;3;4;786;786;1190;1190;1190;1190;786;786;1190;1190;1190;1190;786;786;1190;1190;1190;1190;791;791;1199;1199;1199;1199;867;867;1366;1366;1366;1366;;;;;
ROTTERDAM RSC;FOT;HENDAYE;FOT;3;4;624;624;915;915;915;915;624;624;915;915;915;915;624;624;915;915;915;915;810;810;936;936;936;936;846;846;1014;1014;1014;1014;;;;;
HENDAYE;FOT;ROTTERDAM RSC;FOT;3;4;624;624;915;915;915;915;624;624;915;915;915;915;624;624;915;915;915;915;810;810;936;936;936;936;846;846;1014;1014;1014;1014;;;;;
ROTTERDAM RSC;FOT;GRANOLLERS;FOT;3;4;710;710;1015;1015;1015;1015;710;710;1015;1015;1015;1015;710;710;1015;1015;1015;1015;836;836;1110;1110;1110;1110;1175;1175;1175;1175;1175;1175;;;;;
GRANOLLERS;FOT;ROTTERDAM RSC;FOT;3;4;710;710;1015;1015;1015; ;710;710;1015;1015;1015;1015;710;710;1015;1015;1015;1015;836;836;1110;1110;1110;1110;1175;1175;1175;1175;1175;1175;;;;;
ROTTERDAM RSC;FOT;TARRAGONA CONSTANTÍ;FOT;3;4;722;722;1113;1113;1113;1113;722;722;1113;1113;1113;1113;722;722;1113;1113;1113;1113;1162;1162;1364;1364;1364;1364;1369;1369;1608;1608;1608;1608;;;;;
TARRAGONA CONSTANTÍ;FOT;ROTTERDAM RSC;FOT;3;4;722;722;1113;1113;1113;1113;722;722;1113;1113;1113;1113;722;722;1113;1113;1113;1113;1162;1162;1364;1364;1364;1364;1369;1369;1608;1608;1608;1608;;;;;
;;;;;;;;;;;;;;;;;;;;;;;;;;;;;;;;;;;;;;;;
;;;;;;;;;;;;;;;;;;;;;;;;;;;;;;;;;;;;;;;;
CEMAT;;;;;;;;;;;;;;;;;;;;;;;;;;;;;;;;;;;;;;;;
;;;;;;;;;;;;;;;;;;;;;;;;;;;;;;;;;;;;;;;;
ORIGIN;INC;DESTINATION;INC;TTE;FREQUENCE;20' F (<8tn);20' F (<8tn);20' F (<34tn);20' F (<34tn);20' F (<34tn);20' F (<34tn);25' F (<8tn);25' F (<8tn);25' F (<34tn);25' F (<34tn);25' F (<34tn);25' F (<34tn);30' F (<8tn);30' F (<8tn);30' F (<34tn);30' F (<34tn);30' F (<34tn);30' F (<34tn);40' F (<8tn);40' F (<8tn);40' F (<34tn);40' F (<34tn);40' F (<34tn);40' F (<34tn);45' F (<8tn);45' F (<8tn);45' F (<34tn);45' F (<34tn);45' F (<34tn);45' F (<34tn);;;;;
BARCELONA MORROT;;BUSTO;;3;2;515;515;815;815;815;815;;;;;;;515;515;815;815;815;815;630;630;840;840;840;840;630;630;840;840;840;840;;;;;
BUSTO;;BARCELONA MORROT;;3;2;515;515;815;815;815;815;;;;;;;515;515;815;815;815;815;630;630;840;840;840;840;630;630;840;840;840;840;;;;;
MILANO SMISTAMENTO;;BARI SCALO FERRUCCIO;;2;3;255;255;302;422;471;544;255;255;302;422;471;544;302;302;422;422;471;544;422;422;422;544;544;544;422;422;422;544;544;544;;;;;
BARI SCALO FERRUCCIO;;MILANO SMISTAMENTO;;3;3;255;255;302;422;471;544;255;255;302;422;471;544;302;302;422;422;471;544;422;422;422;544;544;544;422;422;422;544;544;544;;;;;
MILANO SMISTAMENTO;;MADDALONI MARCIANISE;;2;5;255;255;302;422;471;544;255;255;302;422;471;544;302;302;422;422;471;544;422;422;422;544;544;544;422;422;422;544;544;544;;;;;
MADDALONI MARCIANISE;;MILANO SMISTAMENTO;;2;5;255;255;302;422;471;544;255;255;302;422;471;544;302;302;422;422;471;544;422;422;422;544;544;544;422;422;422;544;544;544;;;;;
MILANO SMISTAMENTO;;POMEZIA S. PALOMBA;;2;5;255;255;300;413;459;526;255;255;300;413;459;526;300;300;413;413;459;526;391;391;413;540;540;540;391;391;413;540;540;540;;;;;
POMEZIA S. PALOMBA;;MILANO SMISTAMENTO;;2;5;255;255;300;413;459;526;255;255;300;413;459;526;300;300;413;413;459;526;391;391;413;540;540;540;391;391;413;540;540;540;;;;;
MILANO SMISTAMENTO;;CATANIA BICOCCA;;3;5;494;494;592;711;946;1064;494;494;592;711;946;1064;494;494;651;711;946;1064;888;888;946;1243;1243;1243;888;888;946;1243;1243;1243;;;;;
CATANIA BICOCCA;;MILANO SMISTAMENTO;;3;5;494;494;592;711;946;1064;494;494;592;711;946;1064;494;494;651;711;946;1064;888;888;946;1243;1243;1243;888;888;946;1243;1243;1243;;;;;
;;;;;;;;;;;;;;;;;;;;;;;;;;;;;;;;;;;;;;;;
;;;;;;;;;;;;;;;;;;;;;;;;;;;;;;;;;;;;;;;;
RENFE MERCANCÍAS/MEDWAY;;;;;;;;;;;;;;;;;;;;;;;;;;;;;;;;;;;;;;;;
;;;;;;;;;;;;;;;;;;;;;;;;;;;;;;;;;;;;;;;;
ORIGIN;INC;DESTINATION;INC;TTE;FREQUENCE;20' E;20' F;20' F;20' F;20' F;20' F;;;;;;;30' E;30' F;30' F;30' F;30' F;30' F;40' E;40' F;40' F;40' F;40' F;40' F;45' E;45' F;45' F;45' F;45' F;45' F;30;;;;
BOBADELA;FOR;MADRID ABROÑIGAL;FOR;2;2;294;432;432;432;432;432;;;;;;;395;493;493;493;493;493;486;498;498;498;498;498;498;498;498;498;498;498;30;;;;
MADRID ABROÑIGAL;FOR;BOBADELA;FOR;2;2;294;432;432;432;432;432;;;;;;;395;493;493;493;493;493;486;498;498;498;498;498;498;498;498;498;498;498;30;;;;
BOBADELA;FOR;ZARAGOZA PLAZA;FOR;3;2;334;480;480;480;480;480;;;;;;;419;535;535;535;535;535;592;654;654;654;654;654;654;654;654;654;654;654;30;;;;
ZARAGOZA PLAZA;FOR;BOBADELA;FOR;3;2;334;480;480;480;480;480;;;;;;;419;535;535;535;535;535;592;654;654;654;654;654;654;654;654;654;654;654;30;;;;
LEIXOES;FOR;MADRID ABROÑIGAL;FOR;3;2;304;468;468;468;468;468;;;;;;;433;506;506;506;506;506;498;599;599;599;599;599;599;599;599;599;599;599;30;;;;
MADRID ABROÑIGAL;FOR;LEIXOES;FOR;3;2;304;468;468;468;468;468;;;;;;;433;506;506;506;506;506;498;599;599;599;599;599;599;599;599;599;599;599;30;;;;
LEIXOES;FOR;ZARAGOZA PLAZA;FOR;4;2;329;499;499;499;499;499;;;;;;;415;580;580;580;580;580;543;684;684;684;684;684;684;684;684;684;684;684;30;;;;
ZARAGOZA PLAZA;FOR;LEIXOES;FOR;4;2;329;499;499;499;499;499;;;;;;;415;580;580;580;580;580;543;684;684;684;684;684;684;684;684;684;684;684;30;;;;
BARCELONA MORROT;FOT;LEIXOES;FOR;6;2;571,25;780,93;780,93;809,59;834,66;888,4;;;;;;;724,61;847,59;847,59;847,59;872,66;926,4;810,93;965,66;965,66;965,66;965,66;1019,4;957,6;1019,4;1019,4;1019,4;1019,4;1019,4;30;;;;
LEIXOES;FOR;BARCELONA MORROT;FOT;6;2;508,39;706,99;706,99;728,71;747,7;788,41;;;;;;;655,85;766,71;766,71;766,71;785,7;826,41;736,99;878,7;878,7;878,7;878,7;919,41;872,6;919,41;919,41;919,41;919,41;919,41;30;;;;
BARCELONA MORROT;FOT;BOBADELA;FOR;5;2;561,25;744,93;744,93;773,59;798,66;852,4;;;;;;;686,61;834,59;834,59;834,59;859,66;913,4;798,93;864,66;864,66;864,66;864,66;918,4;856,6;918,4;918,4;918,4;918,4;918,4;30;;;;
BOBADELA;FOR;BARCELONA MORROT;FOT;5;2;498,39;670,99;670,99;692,71;711,7;752,41;;;;;;;617,85;753,71;753,71;753,71;772,7;813,41;724,99;777,7;777,7;777,7;777,7;818,41;771,6;818,41;818,41;818,41;818,41;818,41;30;;;;
TARRAGONA CONSTANTÍ;FOT;LEIXOES;FOR;6;2;523,02;724,91;724,91;748,68;769,49;814,06;;;;;;;672,23;786,68;786,68;786,68;807,49;852,06;754,91;900,49;900,49;900,49;900,49;945,06;893,8;945,06;945,06;945,06;945,06;945,06;30;;;;
LEIXOES;FOR;TARRAGONA CONSTANTÍ;FOT;6;2;492,86;689,42;689,42;709,86;727,74;766,06;;;;;;;639,23;747,86;747,86;747,86;765,74;804,06;719,42;858,74;858,74;858,74;858,74;897,06;852,99;897,06;897,06;897,06;897,06;897,06;30;;;;
TARRAGONA CONSTANTÍ;FOT;BOBADELA;FOR;5;2;513,02;688,91;688,91;712,68;733,49;778,06;;;;;;;634,23;773,68;773,68;773,68;794,49;839,06;742,91;799,49;799,49;799,49;799,49;844,06;792,8;844,06;844,06;844,06;844,06;844,06;30;;;;
BOBADELA;FOR;TARRAGONA CONSTANTÍ;FOT;5;2;482,86;653,42;653,42;673,86;691,74;730,06;;;;;;;601,23;734,86;734,86;734,86;752,74;791,06;707,42;757,74;757,74;757,74;757,74;796,06;751,99;796,06;796,06;796,06;796,06;796,06;30;;;;
;;;;;;;;;;;;;;;;;;;;;;;;;;;;;;;;;;;;;;;;
;;;;;;;;;;;;;;;;;;;;;;;;;;;;;;;;;;;;;;;;
JSV LOGISTIC;;;;;;;;;;;;;;;;;;;;;;;;;;;;;;;;;;;;;;;;
;;;;;;;;;;;;;;;;;;;;;;;;;;;;;;;;;;;;;;;;
ORIGIN;INC;DESTINATION;INC;TTE;FREQUENCE;20' E;20' F;20' F;20' F;20' F;20' F;;;;;;;;;;;;;40' E;40' F;40' F;40' F;40' F;40' F;;;;;;;;;;;
BARCELONA BEST;FOT;MIRANDA DE EBRO;FOT;2;1;145;260;260;260;260;260;;;;;;;;;;;;;245;320;320;320;320;320;;;;;;;30;;;;
MIRANDA DE EBRO;FOT;BARCELONA BEST;FOT;2;1;145;260;260;260;260;260;;;;;;;;;;;;;245;320;320;320;320;320;;;;;;;30;;;;
BARCELONA APM TERMINAL;FOT;MIRANDA DE EBRO;FOT;2;1;145;260;260;260;260;260;;;;;;;;;;;;;245;320;320;320;320;320;;;;;;;30;;;;
MIRANDA DE EBRO;FOT;BARCELONA APM TERMINAL;FOT;2;1;145;260;260;260;260;260;;;;;;;;;;;;;245;320;320;320;320;320;;;;;;;30;;;;
;;;;;;;;;;;;;;;;;;;;;;;;;;;;;;;;;;;;;;;;
;;;;;;;;;;;;;;;;;;;;;;;;;;;;;;;;;;;;;;;;
MODAL OUEST;;;;;;;;;;;;;;;;;;;;;;;;;;;;;;;;;;;;;;;;
;;;;;;;;;;;;;;;;;;;;;;;;;;;;;;;;;;;;;;;;
ORIGIN;INC;DESTINATION;INC;TTE;FREQUENCE;20' E;20' F;20' F;20' F;20' F;20' F;;;;;;;30' E;30' F;30' F;30' F;30' F;30' F;40' E;40' F;40' F;40' F;40' F;40' F;45' E;45' F;45' F;45' F;45' F;45' F;;;;;
PERPIGNAN;FOT;NIORT ST FLORENT;FOT;3;3;310;360;360;360;360;360;;;;;;;330;380;380;380;380;380;410;460;460;460;460;460;410;460;460;460;460;460;;;;;
NIORT ST FLORENT;FOT;PERPIGNAN;FOT;2;3;310;360;360;360;360;360;;;;;;;330;380;380;380;380;380;410;460;460;460;460;460;410;460;460;460;460;460;;;;;
;;;;;;;;;;;;;;;;;;;;;;;;;;;;;;;;;;;;;;;;
;;;;;;;;;;;;;;;;;;;;;;;;;;;;;;;;;;;;;;;;
GREENMODAL;;;;;;;;;;;;;;;;;;;;;;;;;;;;;;;;;;;;;;;;
;;;;;;;;;;;;;;;;;;;;;;;;;;;;;;;;;;;;;;;;
ORIGIN;INC;DESTINATION;INC;TTE;FREQUENCE;20' E;20' F;20' F;20' F;20' F;20' F;;;;;;;30' E;30' F;30' F;30' F;30' F;30' F;40' E;40' F;40' F;40' F;40' F;40' F;;;;;;;;;;;
ANTWERPEN COMBINANT;FOT;MARSEILLE (QUAYS);FOR;3;5;578;729;729;729;729;729;;;;;;;742;934;934;934;934;934;762;1082;1082;1082;1082;1082;;;;;;;;;;;
MARSEILLE (QUAYS);FOR;ANTWERPEN COMBINANT;FOT;3;5;578;729;729;729;729;729;;;;;;;742;934;934;934;934;934;762;1082;1082;1082;1082;1082;;;;;;;;;;;
ANTWERPEN COMBINANT;FOT;MARSEILLE CANET;FOT;3;5;578;729;729;729;729;729;;;;;;;742;934;934;934;934;934;762;1082;1082;1082;1082;1082;;;;;;;;;;;
MARSEILLE CANET;FOT;ANTWERPEN COMBINANT;FOT;3;5;578;729;729;729;729;729;;;;;;;742;934;934;934;934;934;762;1082;1082;1082;1082;1082;;;;;;;;;;;
DUISBURG RUHRORT HAFEN;FOT;MARSEILLE (QUAYS);FOR;3;3;599;803;803;803;803;803;;;;;;;783;967;967;967;967;967;908;1011;1011;1011;1011;1011;;;;;;;;;;;
MARSEILLE (QUAYS);FOR;DUISBURG RUHRORT HAFEN;FOT;3;3;599;803;803;803;803;803;;;;;;;783;967;967;967;967;967;908;1011;1011;1011;1011;1011;;;;;;;;;;;
DUISBURG RUHRORT HAFEN;FOT;MARSEILLE CANET;FOT;3;3;599;803;803;803;803;803;;;;;;;783;967;967;967;967;967;908;1011;1011;1011;1011;1011;;;;;;;;;;;
MARSEILLE CANET;FOT;DUISBURG RUHRORT HAFEN;FOT;3;3;599;803;803;803;803;803;;;;;;;783;967;967;967;967;967;908;1011;1011;1011;1011;1011;;;;;;;;;;;
HAMBURG BILLWERDER;FOT;MARSEILLE (QUAYS);FOR;3;3;679;806;806;806;806;806;;;;;;;843;1030;1030;1030;1030;1030;1091;1188;1188;1188;1188;1188;;;;;;;;;;;
MARSEILLE (QUAYS);FOR;HAMBURG BILLWERDER;FOT;3;3;679;806;806;806;806;806;;;;;;;843;1030;1030;1030;1030;1030;1091;1188;1188;1188;1188;1188;;;;;;;;;;;
HAMBURG BILLWERDER;FOT;MARSEILLE CANET;FOT;3;3;679;806;806;806;806;806;;;;;;;843;1030;1030;1030;1030;1030;1091;1188;1188;1188;1188;1188;;;;;;;;;;;
MARSEILLE CANET;FOT;HAMBURG BILLWERDER;FOT;3;3;679;806;806;806;806;806;;;;;;;843;1030;1030;1030;1030;1030;1091;1188;1188;1188;1188;1188;;;;;;;;;;;
LE HAVRE (QUAYS);FOR;MARSEILLE (QUAYS);FOR;4;3;465;676;676;676;676;676;;;;;;;610;977;977;977;977;977;610;977;977;977;977;977;;;;;;;;;;;
MARSEILLE (QUAYS);FOR;LE HAVRE (QUAYS);FOR;4;3;465;501;501;501;501;501;;;;;;;610;850;850;850;850;850;610;850;850;850;850;850;;;;;;;;;;;
LE HAVRE (QUAYS);FOR;MARSEILLE CANET;FOT;4;3;465;676;676;676;676;676;;;;;;;610;977;977;977;977;977;610;977;977;977;977;977;;;;;;;;;;;
MARSEILLE CANET;FOT;LE HAVRE (QUAYS);FOR;4;3;465;501;501;501;501;501;;;;;;;610;850;850;850;850;850;610;850;850;850;850;850;;;;;;;;;;;
LUDWIGSHAFEN;FOT;MARSEILLE (QUAYS);FOR;2;3;427;701;701;701;701;701;;;;;;;461;772;772;772;772;772;646;891;891;891;891;891;;;;;;;;;;;
MARSEILLE (QUAYS);FOR;LUDWIGSHAFEN;FOT;2;3;427;701;701;701;701;701;;;;;;;461;772;772;772;772;772;646;891;891;891;891;891;;;;;;;;;;;
LUDWIGSHAFEN;FOT;MARSEILLE CANET;FOT;2;3;427;701;701;701;701;701;;;;;;;461;772;772;772;772;772;646;891;891;891;891;891;;;;;;;;;;;
MARSEILLE CANET;FOT;LUDWIGSHAFEN;FOT;2;3;427;701;701;701;701;701;;;;;;;461;772;772;772;772;772;646;891;891;891;891;891;;;;;;;;;;;
ROTTERDAM RSC;FOT;MARSEILLE (QUAYS);FOR;3;3;664;800;800;800;800;800;;;;;;;892;1019;1019;1019;1019;1019;942;1135;1135;1135;1135;1135;;;;;;;;;;;
MARSEILLE (QUAYS);FOR;ROTTERDAM RSC;FOT;3;3;664;800;800;800;800;800;;;;;;;892;1019;1019;1019;1019;1019;942;1135;1135;1135;1135;1135;;;;;;;;;;;
ROTTERDAM RSC;FOT;MARSEILLE CANET;FOT;3;3;664;800;800;800;800;800;;;;;;;892;1019;1019;1019;1019;1019;942;1135;1135;1135;1135;1135;;;;;;;;;;;
MARSEILLE CANET;FOT;ROTTERDAM RSC;FOT;3;3;664;800;800;800;800;800;;;;;;;892;1019;1019;1019;1019;1019;942;1135;1135;1135;1135;1135;;;;;;;;;;;
ZEEBRUGGE BRITTANIA;FOT;MARSEILLE (QUAYS);FOR;3;3;654;758;758;758;758;758;;;;;;;892;1005;1005;1005;1005;1005;900;1120;1120;1120;1120;1120;;;;;;;;;;;
MARSEILLE (QUAYS);FOR;ZEEBRUGGE BRITTANIA;FOT;3;3;654;758;758;758;758;758;;;;;;;892;1005;1005;1005;1005;1005;900;1120;1120;1120;1120;1120;;;;;;;;;;;
ZEEBRUGGE BRITTANIA;FOT;MARSEILLE CANET;FOT;3;3;654;758;758;758;758;758;;;;;;;892;1005;1005;1005;1005;1005;900;1120;1120;1120;1120;1120;;;;;;;;;;;
MARSEILLE CANET;FOT;ZEEBRUGGE BRITTANIA;FOT;3;3;654;758;758;758;758;758;;;;;;;892;1005;1005;1005;1005;1005;900;1120;1120;1120;1120;1120;;;;;;;;;;;
LYON PEH;FOT;MARSEILLE (QUAYS);FOR;2;5;281;310;310;310;310;310;;;;;;;331;360;360;360;360;360;331;360;360;360;360;360;;;;;;;;;;;
MARSEILLE (QUAYS);FOR;LYON PEH;FOT;2;5;206;240;240;240;240;240;;;;;;;270;330;330;330;330;330;270;330;330;330;330;330;;;;;;;;;;;
LYON PEH;FOT;MARSEILLE CANET;FOT;2;5;281;310;310;310;310;310;;;;;;;331;360;360;360;360;360;331;360;360;360;360;360;;;;;;;;;;;
MARSEILLE CANET;FOT;LYON PEH;FOT;2;5;206;240;240;240;240;240;;;;;;;270;330;330;330;330;330;270;330;330;330;330;330;;;;;;;;;;;
;;;;;;;;;;;;;;;;;;;;;;;;;;;;;;;;;;;;;;;;
;;;;;;;;;;;;;;;;;;;;;;;;;;;;;;;;;;;;;;;;
ENLACES ENTRE TERMINALES;;;;TTE;FREQUENCE;20' E;20' (< 8tn);20' (< 16,5tn);20' (< 22tn);20' (< 32tn);20' (> 32tn);25' E;25' (< 8tn);25' (< 16,5tn);25' (< 22tn);25' (< 32tn);25' (> 32tn);30' E;30' (< 8tn);30' (< 16,5tn);30' (< 22tn);30' (< 32tn);30' (> 32tn);40' E;40' (< 8tn);40' (< 16,5tn);40' (< 22tn);40' (< 32tn);40'(> 32tn);45' E;45' (< 8tn);45' (< 16,5tn);45' (< 22tn);45' (< 32tn);45' (> 32tn);BOOKING FEE;;;;
;;;;;;;;;;;;;;;;;;;;;;;;;;;;;;;;;;;;;;;;
BARCELONA BEST;17;PERPIGNAN;126;1;5;210;210;210;210;210;210;210;210;210;210;210;210;210;210;210;210;210;210;210;210;210;210;210;210;210;210;210;210;210;210;0;;;;
BARCELONA BEST;17;LE BOLOU AMBROGGIO;111;1;5;210;210;210;210;210;210;210;210;210;210;210;210;210;210;210;210;210;210;210;210;210;210;210;210;210;210;210;210;210;210;0;;;;
BARCELONA BEST;17;BARCELONA MORROT;2;1;5;80;80;80;80;80;80;80;80;80;80;80;80;80;80;80;80;80;80;80;80;80;80;80;80;80;80;80;80;80;80;0;;;;
BARCELONA BEST;17;GRANOLLERS;14;1;5;185;185;185;185;185;185;185;185;185;185;185;185;185;185;185;185;185;185;185;185;185;185;185;185;185;185;185;185;185;185;0;;;;
BARCELONA APM TERMINAL;;PERPIGNAN;126;1;5;210;210;210;210;210;210;210;210;210;210;210;210;210;210;210;210;210;210;210;210;210;210;210;210;210;210;210;210;210;210;0;;;;
BARCELONA APM TERMINAL;;LE BOLOU AMBROGGIO;111;1;5;210;210;210;210;210;210;210;210;210;210;210;210;210;210;210;210;210;210;210;210;210;210;210;210;210;210;210;210;210;210;0;;;;
BARCELONA APM TERMINAL;;BARCELONA MORROT;2;1;5;80;80;80;80;80;80;80;80;80;80;80;80;80;80;80;80;80;80;80;80;80;80;80;80;80;80;80;80;80;80;0;;;;
BARCELONA APM TERMINAL;;GRANOLLERS;14;1;5;185;185;185;185;185;185;185;185;185;185;185;185;185;185;185;185;185;185;185;185;185;185;185;185;185;185;185;185;185;185;0;;;;
BARCELONA MORROT;2;PERPIGNAN;126;1;5;210;210;210;210;210;210;210;210;210;210;210;210;210;210;210;210;210;210;210;210;210;210;210;210;210;210;210;210;210;210;0;;;;
BARCELONA MORROT;2;LE BOLOU AMBROGGIO;111;1;5;210;210;210;210;210;210;210;210;210;210;210;210;210;210;210;210;210;210;210;210;210;210;210;210;210;210;210;210;210;210;0;;;;
BARCELONA MORROT;2;BARCELONA BEST;2;1;5;80;80;80;80;80;80;80;80;80;80;80;80;80;80;80;80;80;80;80;80;80;80;80;80;80;80;80;80;80;80;0;;;;
BARCELONA MORROT;2;BARCELONA APM TERMINAL;;1;5;80;80;80;80;80;80;80;80;80;80;80;80;80;80;80;80;80;80;80;80;80;80;80;80;80;80;80;80;80;80;0;;;;
BARCELONA MORROT;2;GRANOLLERS;14;1;5;185;185;185;185;185;185;185;185;185;185;185;185;185;185;185;185;185;185;185;185;185;185;185;185;185;185;185;185;185;185;0;;;;
GRANOLLERS;14;PERPIGNAN;126;1;5;210;210;210;210;210;210;210;210;210;210;210;210;210;210;210;210;210;210;210;210;210;210;210;210;210;210;210;210;210;210;0;;;;
GRANOLLERS;14;LE BOLOU AMBROGGIO;111;1;5;210;210;210;210;210;210;210;210;210;210;210;210;210;210;210;210;210;210;210;210;210;210;210;210;210;210;210;210;210;210;0;;;;
GRANOLLERS;14;BARCELONA BEST;17;1;5;185;185;185;185;185;185;185;185;185;185;185;185;185;185;185;185;185;185;185;185;185;185;185;185;185;185;185;185;185;185;0;;;;
GRANOLLERS;14;BARCELONA APM TERMINAL;;1;5;185;185;185;185;185;185;185;185;185;185;185;185;185;185;185;185;185;185;185;185;185;185;185;185;185;185;185;185;185;185;0;;;;
GRANOLLERS;14;BARCELONA MORROT;2;1;5;185;185;185;185;185;185;185;185;185;185;185;185;185;185;185;185;185;185;185;185;185;185;185;185;185;185;185;185;185;185;0;;;;
PERPIGNAN;126;LE BOLOU AMBROGGIO;111;1;5;100;100;100;100;100;100;100;100;100;100;100;100;100;100;100;100;100;100;100;100;100;100;100;100;100;100;100;100;100;100;0;;;;
PERPIGNAN;126;BARCELONA BEST;17;1;5;210;210;210;210;210;210;210;210;210;210;210;210;210;210;210;210;210;210;210;210;210;210;210;210;210;210;210;210;210;210;0;;;;
PERPIGNAN;126;BARCELONA APM TERMINAL;;1;5;210;210;210;210;210;210;210;210;210;210;210;210;210;210;210;210;210;210;210;210;210;210;210;210;210;210;210;210;210;210;0;;;;
PERPIGNAN;126;BARCELONA MORROT;2;1;5;210;210;210;210;210;210;210;210;210;210;210;210;210;210;210;210;210;210;210;210;210;210;210;210;210;210;210;210;210;210;0;;;;
PERPIGNAN;126;GRANOLLERS;14;1;5;210;210;210;210;210;210;210;210;210;210;210;210;210;210;210;210;210;210;210;210;210;210;210;210;210;210;210;210;210;210;0;;;;
LE BOLOU AMBROGGIO;111;PERPIGNAN;126;1;5;100;100;100;100;100;100;100;100;100;100;100;100;100;100;100;100;100;100;100;100;100;100;100;100;100;100;100;100;100;100;0;;;;
LE BOLOU AMBROGGIO;111;BARCELONA BEST;17;1;5;210;210;210;210;210;210;210;210;210;210;210;210;210;210;210;210;210;210;210;210;210;210;210;210;210;210;210;210;210;210;0;;;;
LE BOLOU AMBROGGIO;111;BARCELONA APM TERMINAL;;1;5;210;210;210;210;210;210;210;210;210;210;210;210;210;210;210;210;210;210;210;210;210;210;210;210;210;210;210;210;210;210;0;;;;
LE BOLOU AMBROGGIO;111;BARCELONA MORROT;2;1;5;210;210;210;210;210;210;210;210;210;210;210;210;210;210;210;210;210;210;210;210;210;210;210;210;210;210;210;210;210;210;0;;;;
LE BOLOU AMBROGGIO;111;GRANOLLERS;14;1;5;210;210;210;210;210;210;210;210;210;210;210;210;210;210;210;210;210;210;210;210;210;210;210;210;210;210;210;210;210;210;0;;;;
TARRAGONA ENTREVÍAS;16;TARRAGONA CONSTANTÍ;9;1;5;130;130;130;130;130;130;130;130;130;130;130;130;130;130;130;130;130;130;130;130;130;130;130;130;130;130;130;130;130;130;0;;;;
TARRAGONA CONSTANTÍ;9;TARRAGONA ENTREVÍAS;16;1;5;130;130;130;130;130;130;130;130;130;130;130;130;130;130;130;130;130;130;130;130;130;130;130;130;130;130;130;130;130;130;0;;;;
ALGECIRAS - TTI;19;SAN ROQUE;7;1;5;150;150;150;150;150;150;150;150;150;150;150;150;150;150;150;150;150;150;150;150;150;150;150;150;150;150;150;150;150;150;0;;;;
SAN ROQUE;7;ALGECIRAS - TTI;19;1;5;150;150;150;150;150;150;150;150;150;150;150;150;150;150;150;150;150;150;150;150;150;150;150;150;150;150;150;150;150;150;0;;;;
PARIS BONNEUIL BTM;123;PARIS VALENTON;125;1;5;50;50;50;50;50;50;50;50;50;50;50;50;50;50;50;50;50;50;50;50;50;50;50;50;50;50;50;50;50;50;0;;;;
PARIS VALENTON;125;PARIS BONNEUIL BTM;123;1;5;50;50;50;50;50;50;50;50;50;50;50;50;50;50;50;50;50;50;50;50;50;50;50;50;50;50;50;50;50;50;0;;;;
ROTTERDAM CTT;;ROTTERDAM RSC;;1;5;80;80;80;80;80;80;80;80;80;80;80;80;80;80;80;80;80;80;80;80;80;80;80;80;80;80;80;80;80;80;0;;;;
ROTTERDAM RSC;;ROTTERDAM CTT;;1;5;80;80;80;80;80;80;80;80;80;80;80;80;80;80;80;80;80;80;80;80;80;80;80;80;80;80;80;80;80;80;0;;;;
DUISBURG DIT;;DUISBURG RUHRORT HAFEN;;1;5;120;120;120;120;120;120;120;120;120;120;120;120;120;120;120;120;120;120;120;120;120;120;120;120;120;120;120;120;120;120;0;;;;
DUISBURG RUHRORT HAFEN;;DUISBURG DIT;;1;5;120;120;120;120;120;120;120;120;120;120;120;120;120;120;120;120;120;120;120;120;120;120;120;120;120;120;120;120;120;120;0;;;;
FOS AMATO;;EUROFOS;;1;3;120;120;120;120;120;120;120;120;120;120;120;120;120;120;120;120;120;120;120;120;120;120;120;120;120;120;120;120;120;120;0;;;;
FOS AMATO;;FOS SEAYARD;;1;3;120;120;120;120;120;120;120;120;120;120;120;120;120;120;120;120;120;120;120;120;120;120;120;120;120;120;120;120;120;120;0;;;;
EUROFOS;;FOS AMATO;;1;3;120;120;120;120;120;120;120;120;120;120;120;120;120;120;120;120;120;120;120;120;120;120;120;120;120;120;120;120;120;120;0;;;;
FOS SEAYARD;;FOS AMATO;;1;3;120;120;120;120;120;120;120;120;120;120;120;120;120;120;120;120;120;120;120;120;120;120;120;120;120;120;120;120;120;120;0;;;;
ANTWERPEN MAINHUB;;ANTWERPEN RIGHT BANK;;1;5;120;120;120;120;120;120;120;120;120;120;120;120;120;120;120;120;120;120;120;120;120;120;120;120;120;120;120;120;120;120;0;;;;
ANTWERPEN MAINHUB;;ANTWERPEN LEFT BANK;;1;5;160;160;160;160;160;160;160;160;160;160;160;160;160;160;160;160;160;160;160;160;160;160;160;160;160;160;160;160;160;160;0;;;;
ANTWERPEN RIGHT BANK;;ANTWERPEN MAINHUB;;1;5;120;120;120;120;120;120;120;120;120;120;120;120;120;120;120;120;120;120;120;120;120;120;120;120;120;120;120;120;120;120;0;;;;
ANTWERPEN LEFT BANK;;ANTWERPEN MAINHUB;;1;5;160;160;160;160;160;160;160;160;160;160;160;160;160;160;160;160;160;160;160;160;160;160;160;160;160;160;160;160;160;160;0;;;;
BUSTO;;MILANO SMISTAMENTO;;1;5;205;205;205;205;205;205;205;205;205;205;205;205;205;205;205;205;205;205;205;205;205;205;205;205;205;205;205;205;205;205;0;;;;
MILANO SMISTAMENTO;;BUSTO;;1;5;205;205;205;205;205;205;205;205;205;205;205;205;205;205;205;205;205;205;205;205;205;205;205;205;205;205;205;205;205;205;0;;;;
